model_name,time_s,command_vy,command_wz,terminated,torque_ankle_L_joint,torque_ankle_R_joint
Ours,0.0,-1.0,0.0,0.0,7.765164375305176,-7.852108001708984
Ours,0.02,-1.0,0.0,0.0,4.83469295501709,-4.905704498291016
Ours,0.04,-1.0,0.0,0.0,6.255746841430664,-8.344907760620117
Ours,0.06,-1.0,0.0,0.0,3.556786060333252,-3.39033579826355
Ours,0.08,-1.0,0.0,0.0,4.871501922607422,-6.168957233428955
Ours,0.1,-1.0,0.0,0.0,4.720961093902588,-5.59154748916626
Ours,0.12,-1.0,0.0,0.0,4.604492664337158,-6.120665550231934
Ours,0.14,-1.0,0.0,0.0,6.7849884033203125,-6.511991500854492
Ours,0.16,-1.0,0.0,0.0,3.494603157043457,-2.095424175262451
Ours,0.18,-1.0,0.0,0.0,5.380284309387207,-4.780896186828613
Ours,0.2,-1.0,0.0,0.0,5.972858905792236,-5.099761962890625
Ours,0.22,-1.0,0.0,0.0,5.872191429138184,-6.3768181800842285
Ours,0.24,-1.0,0.0,0.0,3.7867698669433594,-2.6712727546691895
Ours,0.26,-1.0,0.0,0.0,4.587291717529297,-5.6611127853393555
Ours,0.28,-1.0,0.0,0.0,4.311868667602539,-5.100712776184082
Ours,0.3,-1.0,0.0,0.0,4.299897193908691,-4.653079509735107
Ours,0.32,-1.0,0.0,0.0,4.603529453277588,-3.2526559829711914
Ours,0.34,-1.0,0.0,0.0,6.685016632080078,-8.159529685974121
Ours,0.36,-1.0,0.0,0.0,6.219331741333008,-5.704419136047363
Ours,0.38,-1.0,0.0,0.0,4.980950355529785,-5.407787322998047
Ours,0.4,-1.0,0.0,0.0,5.534456729888916,-4.67254114151001
Ours,0.42,-1.0,0.0,0.0,3.860836982727051,-4.825661659240723
Ours,0.44,-1.0,0.0,0.0,3.736677885055542,-4.917895317077637
Ours,0.46,-1.0,0.0,0.0,4.825980186462402,-2.7843241691589355
Ours,0.48,-1.0,0.0,0.0,4.198340892791748,-3.7279763221740723
Ours,0.5,-1.0,0.0,0.0,3.829464912414551,-4.509196758270264
Ours,0.52,-1.0,0.0,0.0,6.2807393074035645,-6.687124252319336
Ours,0.54,-1.0,0.0,0.0,1.0640678405761719,-6.120068073272705
Ours,0.56,-1.0,0.0,0.0,4.77449369430542,-5.52506160736084
Ours,0.58,-1.0,0.0,0.0,3.7048933506011963,-3.236112117767334
Ours,0.6,-1.0,0.0,0.0,5.231084823608398,-5.589022636413574
Ours,0.62,-1.0,0.0,0.0,4.611957550048828,-8.426188468933105
Ours,0.64,-1.0,0.0,0.0,3.5621819496154785,-5.722488880157471
Ours,0.66,-1.0,0.0,0.0,4.572041034698486,-5.5180559158325195
Ours,0.68,-1.0,0.0,0.0,4.056276798248291,-5.132168769836426
Ours,0.7000000000000001,-1.0,0.0,0.0,3.7718939781188965,-3.1171629428863525
Ours,0.72,-1.0,0.0,0.0,4.5119404792785645,-4.723055839538574
Ours,0.74,-1.0,0.0,0.0,5.293285369873047,-5.585092067718506
Ours,0.76,-1.0,0.0,0.0,2.866579055786133,-2.9313735961914062
Ours,0.78,-1.0,0.0,0.0,3.862055778503418,-2.5665650367736816
Ours,0.8,-1.0,0.0,0.0,4.596063613891602,-4.04593563079834
Ours,0.8200000000000001,-1.0,0.0,0.0,3.631162643432617,-5.560159683227539
Ours,0.84,-1.0,0.0,0.0,3.8309428691864014,-7.285219192504883
Ours,0.86,-1.0,0.0,0.0,4.0702948570251465,-3.769596815109253
Ours,0.88,-1.0,0.0,0.0,4.9430251121521,-4.931010723114014
Ours,0.9,-1.0,0.0,0.0,4.118139266967773,-4.699425220489502
Ours,0.92,-1.0,0.0,0.0,6.086886405944824,-6.138092517852783
Ours,0.9400000000000001,-1.0,0.0,0.0,5.171082019805908,-6.100754737854004
Ours,0.96,-1.0,0.0,0.0,6.0535101890563965,-6.98724889755249
Ours,0.98,-1.0,0.0,0.0,4.716503620147705,-5.750731468200684
Ours,1.0,-1.0,0.0,0.0,3.233860969543457,-5.150205612182617
Ours,1.02,-1.0,0.0,0.0,3.439241647720337,-2.531536340713501
Ours,1.04,-1.0,0.0,0.0,2.3694140911102295,-5.989511489868164
Ours,1.06,-1.0,0.0,0.0,2.447263479232788,-1.2205402851104736
Ours,1.08,-1.0,0.0,0.0,2.553844451904297,-2.8994414806365967
Ours,1.1,-1.0,0.0,0.0,3.0286779403686523,-3.189300775527954
Ours,1.12,-1.0,0.0,0.0,2.7874226570129395,-2.499314308166504
Ours,1.1400000000000001,-1.0,0.0,0.0,2.3867688179016113,-2.5578110218048096
Ours,1.16,-1.0,0.0,0.0,3.023967981338501,-5.466035842895508
Ours,1.18,-1.0,0.0,0.0,4.923360347747803,-7.063497066497803
Ours,1.2,-1.0,0.0,0.0,5.139623165130615,-3.490757703781128
Ours,1.22,-1.0,0.0,0.0,3.6432480812072754,-3.714186906814575
Ours,1.24,-1.0,0.0,0.0,5.629571437835693,-5.5997514724731445
Ours,1.26,-1.0,0.0,0.0,2.73830246925354,-4.358736991882324
Ours,1.28,-1.0,0.0,0.0,2.989070415496826,-4.806090831756592
Ours,1.3,-1.0,0.0,0.0,4.328946113586426,-2.3369507789611816
Ours,1.32,-1.0,0.0,0.0,4.702045440673828,-6.687840938568115
Ours,1.34,-1.0,0.0,0.0,4.219915390014648,-3.2733559608459473
Ours,1.36,-1.0,0.0,0.0,4.8241376876831055,-7.161860466003418
Ours,1.3800000000000001,-1.0,0.0,0.0,5.199631214141846,-4.862459659576416
Ours,1.4000000000000001,-1.0,0.0,0.0,4.038699150085449,-4.984364986419678
Ours,1.42,-1.0,0.0,0.0,4.226344585418701,-5.585399627685547
Ours,1.44,-1.0,0.0,0.0,5.4387383460998535,-5.226469993591309
Ours,1.46,-1.0,0.0,0.0,4.9370222091674805,-4.671655654907227
Ours,1.48,-1.0,0.0,0.0,6.312203884124756,-6.601053714752197
Ours,1.5,-1.0,0.0,0.0,3.442355155944824,-4.771090507507324
Ours,1.52,-1.0,0.0,0.0,2.787524700164795,-7.0993428230285645
Ours,1.54,-1.0,0.0,0.0,4.5609660148620605,-3.7715249061584473
Ours,1.56,-1.0,0.0,0.0,2.8296492099761963,-4.192855358123779
Ours,1.58,-1.0,0.0,0.0,5.179611682891846,-5.674654483795166
Ours,1.6,-1.0,0.0,0.0,4.320831775665283,-4.12062931060791
Ours,1.62,-1.0,0.0,0.0,3.312891960144043,-5.188326835632324
Ours,1.6400000000000001,-1.0,0.0,0.0,4.519789218902588,-4.3629584312438965
Ours,1.6600000000000001,-1.0,0.0,0.0,5.408900260925293,-5.952276706695557
Ours,1.68,-1.0,0.0,0.0,6.161794662475586,-7.8841471672058105
Ours,1.7,-1.0,0.0,0.0,7.539695739746094,-4.668493270874023
Ours,1.72,-1.0,0.0,0.0,5.717114448547363,-5.74492073059082
Ours,1.74,-1.0,0.0,0.0,8.61526107788086,-9.047733306884766
Ours,1.76,-1.0,0.0,0.0,6.328791618347168,-6.080709457397461
Ours,1.78,-1.0,0.0,0.0,6.08424186706543,-7.202610015869141
Ours,1.8,-1.0,0.0,0.0,4.045103073120117,-1.81085205078125
Ours,1.82,-1.0,0.0,0.0,7.015025615692139,-7.488134384155273
Ours,1.84,-1.0,0.0,0.0,5.696657180786133,-5.701316833496094
Ours,1.86,-1.0,0.0,0.0,4.544362545013428,-3.5987677574157715
Ours,1.8800000000000001,-1.0,0.0,0.0,3.1945464611053467,-3.524513006210327
Ours,1.9000000000000001,-1.0,0.0,0.0,6.075510025024414,-7.530290603637695
Ours,1.92,-1.0,0.0,0.0,4.307660102844238,-6.288128852844238
Ours,1.94,-1.0,0.0,0.0,5.153491973876953,-6.783088684082031
Ours,1.96,-1.0,0.0,0.0,4.199636936187744,-3.9920599460601807
Ours,1.98,-1.0,0.0,0.0,9.53571605682373,-8.569979667663574
Ours,2.0,-1.0,0.0,0.0,5.942181587219238,-5.986440658569336
Ours,2.02,-1.0,0.0,0.0,4.598876476287842,-6.598467826843262
Ours,2.04,-1.0,0.0,0.0,7.8665452003479,-5.977231502532959
Ours,2.06,-1.0,0.0,0.0,5.037428855895996,-4.114912986755371
Ours,2.08,-1.0,0.0,0.0,4.864845275878906,-3.08573055267334
Ours,2.1,-1.0,0.0,0.0,9.198760986328125,-7.240797996520996
Ours,2.12,-1.0,0.0,0.0,5.575711727142334,-7.618969917297363
Ours,2.14,-1.0,0.0,0.0,6.990660190582275,-7.110840797424316
Ours,2.16,-1.0,0.0,0.0,4.489973545074463,-3.497415781021118
Ours,2.18,-1.0,0.0,0.0,3.3544092178344727,-4.709755897521973
Ours,2.2,-1.0,0.0,0.0,4.720944404602051,-5.386152267456055
Ours,2.22,-1.0,0.0,0.0,4.923264980316162,-4.813004493713379
Ours,2.24,-1.0,0.0,0.0,5.736091136932373,-5.684666156768799
Ours,2.2600000000000002,-1.0,0.0,0.0,3.9302806854248047,-4.463505744934082
Ours,2.2800000000000002,-1.0,0.0,0.0,4.622725009918213,-4.894418239593506
Ours,2.3000000000000003,-1.0,0.0,0.0,2.6146435737609863,-5.986125946044922
Ours,2.32,-1.0,0.0,0.0,4.724493026733398,-5.2609405517578125
Ours,2.34,-1.0,0.0,0.0,4.508847713470459,-6.465829849243164
Ours,2.36,-1.0,0.0,0.0,4.857517719268799,-3.9405508041381836
Ours,2.38,-1.0,0.0,0.0,5.161876201629639,-2.325056552886963
Ours,2.4,-1.0,0.0,0.0,5.384106159210205,-6.830076217651367
Ours,2.42,-1.0,0.0,0.0,4.515377044677734,-9.579172134399414
Ours,2.44,-1.0,0.0,0.0,2.6143717765808105,-1.721078872680664
Ours,2.46,-1.0,0.0,0.0,4.421470642089844,-8.026141166687012
Ours,2.48,-1.0,0.0,0.0,5.170243740081787,-6.5111284255981445
Ours,2.5,-1.0,0.0,0.0,4.721436500549316,-7.000689506530762
Ours,2.52,-1.0,0.0,0.0,4.201023578643799,-2.699207305908203
Ours,2.54,-1.0,0.0,0.0,6.733112335205078,-7.322290420532227
Ours,2.56,-1.0,0.0,0.0,4.867354869842529,-2.9157156944274902
Ours,2.58,-1.0,0.0,0.0,3.7086334228515625,-4.064187526702881
Ours,2.6,-1.0,0.0,0.0,5.084033012390137,-5.629097938537598
Ours,2.62,-1.0,0.0,0.0,4.285015106201172,-4.076799392700195
Ours,2.64,-1.0,0.0,0.0,5.610287666320801,-6.405755996704102
Ours,2.66,-1.0,0.0,0.0,4.366438388824463,-5.236414432525635
Ours,2.68,-1.0,0.0,0.0,2.860508918762207,-2.7560343742370605
Ours,2.7,-1.0,0.0,0.0,3.9091875553131104,-3.0104355812072754
Ours,2.72,-1.0,0.0,0.0,3.7542591094970703,-4.619558811187744
Ours,2.74,-1.0,0.0,0.0,4.685041904449463,-6.03817081451416
Ours,2.7600000000000002,-1.0,0.0,0.0,5.306484222412109,-6.258315086364746
Ours,2.7800000000000002,-1.0,0.0,0.0,5.322411060333252,-5.731082439422607
Ours,2.8000000000000003,-1.0,0.0,0.0,6.199053764343262,-8.233488082885742
Ours,2.82,-1.0,0.0,0.0,3.4442524909973145,-7.526508331298828
Ours,2.84,-1.0,0.0,0.0,4.062036991119385,-4.374075412750244
Ours,2.86,-1.0,0.0,0.0,4.2991862297058105,-5.685764312744141
Ours,2.88,-1.0,0.0,0.0,6.999580383300781,-5.035669326782227
Ours,2.9,-1.0,0.0,0.0,5.332103729248047,-5.499875068664551
Ours,2.92,-1.0,0.0,0.0,5.525137424468994,-6.193017959594727
Ours,2.94,-1.0,0.0,0.0,4.992273807525635,-9.139596939086914
Ours,2.96,-1.0,0.0,0.0,7.6217570304870605,-7.0956501960754395
Ours,2.98,-1.0,0.0,0.0,3.5160884857177734,-3.7785747051239014
Ours,3.0,-1.0,0.0,0.0,4.927953720092773,-8.654406547546387
Ours,3.02,-1.0,0.0,0.0,4.898066520690918,-6.667545318603516
Ours,3.04,-1.0,0.0,0.0,5.20347261428833,-8.5184326171875
Ours,3.06,-1.0,0.0,0.0,4.04896879196167,-7.930473327636719
Ours,3.08,-1.0,0.0,0.0,4.697082996368408,-5.1060404777526855
Ours,3.1,-1.0,0.0,0.0,4.926906108856201,-5.73841667175293
Ours,3.12,-1.0,0.0,0.0,4.906679630279541,-2.4818553924560547
Ours,3.14,-1.0,0.0,0.0,5.071587085723877,-5.159237861633301
Ours,3.16,-1.0,0.0,0.0,5.414003849029541,-6.694248199462891
Ours,3.18,-1.0,0.0,0.0,5.391107082366943,-6.796894073486328
Ours,3.2,-1.0,0.0,0.0,4.375076770782471,-7.907715797424316
Ours,3.22,-1.0,0.0,0.0,4.978619575500488,-5.389155864715576
Ours,3.24,-1.0,0.0,0.0,6.7876176834106445,-6.834904670715332
Ours,3.2600000000000002,-1.0,0.0,0.0,3.7151098251342773,-2.4370293617248535
Ours,3.2800000000000002,-1.0,0.0,0.0,5.755178451538086,-3.105210304260254
Ours,3.3000000000000003,-1.0,0.0,0.0,2.302368402481079,-8.464689254760742
Ours,3.3200000000000003,-1.0,0.0,0.0,7.0305399894714355,-7.119154453277588
Ours,3.34,-1.0,0.0,0.0,5.638491153717041,-5.735803604125977
Ours,3.36,-1.0,0.0,0.0,4.09425687789917,-5.238643646240234
Ours,3.38,-1.0,0.0,0.0,6.34326171875,-5.979255676269531
Ours,3.4,-1.0,0.0,0.0,4.467960834503174,-8.896445274353027
Ours,3.42,-1.0,0.0,0.0,5.218633651733398,-6.336467266082764
Ours,3.44,-1.0,0.0,0.0,6.538364410400391,-6.895205974578857
Ours,3.46,-1.0,0.0,0.0,5.556702136993408,-6.82678747177124
Ours,3.48,-1.0,0.0,0.0,2.701575756072998,-3.637157917022705
Ours,3.5,-1.0,0.0,0.0,4.903092384338379,-2.802157402038574
Ours,3.52,-1.0,0.0,0.0,5.0760579109191895,-1.8390302658081055
Ours,3.54,-1.0,0.0,0.0,4.5561113357543945,-3.813178300857544
Ours,3.56,-1.0,0.0,0.0,6.090445518493652,-8.509819984436035
Ours,3.58,-1.0,0.0,0.0,6.369552135467529,-6.805261611938477
Ours,3.6,-1.0,0.0,0.0,4.425850868225098,-6.377989768981934
Ours,3.62,-1.0,0.0,0.0,5.72066593170166,-6.406620502471924
Ours,3.64,-1.0,0.0,0.0,5.231224060058594,-6.1191277503967285
Ours,3.66,-1.0,0.0,0.0,5.041634559631348,-5.781190395355225
Ours,3.68,-1.0,0.0,0.0,6.189112186431885,-7.485991477966309
Ours,3.7,-1.0,0.0,0.0,6.345836162567139,-7.714563369750977
Ours,3.72,-1.0,0.0,0.0,4.898592948913574,-4.293092250823975
Ours,3.74,-1.0,0.0,0.0,5.9205827713012695,-2.9576025009155273
Ours,3.7600000000000002,-1.0,0.0,0.0,5.6901960372924805,-6.438843727111816
Ours,3.7800000000000002,-1.0,0.0,0.0,6.065576076507568,-2.011002540588379
Ours,3.8000000000000003,-1.0,0.0,0.0,4.631412029266357,-5.0422797203063965
Ours,3.8200000000000003,-1.0,0.0,0.0,4.358678817749023,-4.437525749206543
Ours,3.84,-1.0,0.0,0.0,6.642475128173828,-6.659651279449463
Ours,3.86,-1.0,0.0,0.0,7.886590957641602,-7.584568977355957
Ours,3.88,-1.0,0.0,0.0,5.283648490905762,-6.643984794616699
Ours,3.9,-1.0,0.0,0.0,8.431373596191406,-6.552307605743408
Ours,3.92,-1.0,0.0,0.0,5.752397060394287,-3.9600486755371094
Ours,3.94,-1.0,0.0,0.0,4.169722557067871,-4.81793737411499
Ours,3.96,-1.0,0.0,0.0,5.682930946350098,-7.017050743103027
Ours,3.98,-1.0,0.0,0.0,3.5010108947753906,-2.3126893043518066
Ours,4.0,-1.0,0.0,0.0,2.9609246253967285,-1.8526039123535156
Ours,4.0200000000000005,-1.0,0.0,0.0,9.613727569580078,-10.887956619262695
Ours,4.04,-1.0,0.0,0.0,3.620743989944458,-2.6174697875976562
Ours,4.0600000000000005,-1.0,0.0,0.0,7.730228424072266,-6.630558490753174
Ours,4.08,-1.0,0.0,0.0,5.8754563331604,-4.790782928466797
Ours,4.1,-1.0,0.0,0.0,4.162163734436035,-4.269763946533203
Ours,4.12,-1.0,0.0,0.0,3.937805652618408,-4.128625869750977
Ours,4.14,-1.0,0.0,0.0,5.253383636474609,-6.30107307434082
Ours,4.16,-1.0,0.0,0.0,7.040637969970703,-7.3037824630737305
Ours,4.18,-1.0,0.0,0.0,4.268575668334961,-9.689279556274414
Ours,4.2,-1.0,0.0,0.0,5.660950660705566,-7.128334045410156
Ours,4.22,-1.0,0.0,0.0,4.245972633361816,-4.3677825927734375
Ours,4.24,-1.0,0.0,0.0,4.946430206298828,-8.484591484069824
Ours,4.26,-1.0,0.0,0.0,4.650717258453369,-5.2926130294799805
Ours,4.28,-1.0,0.0,0.0,3.2901644706726074,-1.5660052299499512
Ours,4.3,-1.0,0.0,0.0,6.7429609298706055,-6.088893890380859
Ours,4.32,-1.0,0.0,0.0,5.9449310302734375,-6.968770980834961
Ours,4.34,-1.0,0.0,0.0,4.096902370452881,-4.8881120681762695
Ours,4.36,-1.0,0.0,0.0,4.934572219848633,-6.495877265930176
Ours,4.38,-1.0,0.0,0.0,6.829400539398193,-7.072840213775635
Ours,4.4,-1.0,0.0,0.0,5.031305313110352,-7.056425094604492
Ours,4.42,-1.0,0.0,0.0,3.6010079383850098,-2.1974546909332275
Ours,4.44,-1.0,0.0,0.0,5.911614894866943,-5.725384712219238
Ours,4.46,-1.0,0.0,0.0,5.3038835525512695,-6.988276481628418
Ours,4.48,-1.0,0.0,0.0,3.6138200759887695,-8.427488327026367
Ours,4.5,-1.0,0.0,0.0,3.438877820968628,-2.8769195079803467
Ours,4.5200000000000005,-1.0,0.0,0.0,4.028350830078125,-3.4717650413513184
Ours,4.54,-1.0,0.0,0.0,3.9157824516296387,-1.2244091033935547
Ours,4.5600000000000005,-1.0,0.0,0.0,3.369670867919922,-2.866410732269287
Ours,4.58,-1.0,0.0,0.0,4.408226490020752,-5.257902145385742
Ours,4.6000000000000005,-1.0,0.0,0.0,2.919828176498413,-3.1823368072509766
Ours,4.62,-1.0,0.0,0.0,4.723709583282471,-5.697117328643799
Ours,4.64,-1.0,0.0,0.0,3.2119176387786865,-3.819645643234253
Ours,4.66,-1.0,0.0,0.0,6.1016459465026855,-7.733013153076172
Ours,4.68,-1.0,0.0,0.0,2.8409252166748047,-7.582289695739746
Ours,4.7,-1.0,0.0,0.0,4.897561073303223,-4.197386741638184
Ours,4.72,-1.0,0.0,0.0,4.658003330230713,-5.9524922370910645
Ours,4.74,-1.0,0.0,0.0,4.211656093597412,-8.709098815917969
Ours,4.76,-1.0,0.0,0.0,5.005130290985107,-4.838234901428223
Ours,4.78,-1.0,0.0,0.0,4.150467872619629,-2.857243061065674
Ours,4.8,-1.0,0.0,0.0,4.134908676147461,-8.612236976623535
Ours,4.82,-1.0,0.0,0.0,5.938372611999512,-2.648913860321045
Ours,4.84,-1.0,0.0,0.0,5.3178887367248535,-4.045738697052002
Ours,4.86,-1.0,0.0,0.0,4.2516326904296875,-6.920450687408447
Ours,4.88,-1.0,0.0,0.0,6.703961372375488,-7.102941036224365
Ours,4.9,-1.0,0.0,0.0,4.709991931915283,-5.102851390838623
Ours,4.92,-1.0,0.0,0.0,3.9745960235595703,-3.0574393272399902
Ours,4.94,-1.0,0.0,0.0,5.150595664978027,-7.782897472381592
Ours,4.96,-1.0,0.0,0.0,3.774390935897827,-3.762718439102173
Ours,4.98,-1.0,0.0,0.0,4.5607218742370605,-8.307887077331543
Ours,5.0,-1.0,0.0,0.0,6.724518775939941,-2.1850805282592773
Ours,5.0200000000000005,-1.0,0.0,0.0,4.127391338348389,-5.039519309997559
Ours,5.04,-1.0,0.0,0.0,5.949796676635742,-8.15167236328125
Ours,5.0600000000000005,-1.0,0.0,0.0,4.653152942657471,-4.622023105621338
Ours,5.08,-1.0,0.0,0.0,6.232817649841309,-7.060904502868652
Ours,5.1000000000000005,-1.0,0.0,0.0,4.857069969177246,-2.4076576232910156
Ours,5.12,-1.0,0.0,0.0,5.0785017013549805,-4.595063209533691
Ours,5.14,-1.0,0.0,0.0,3.8137753009796143,-2.697230815887451
Ours,5.16,-1.0,0.0,0.0,4.051595211029053,-7.249492168426514
Ours,5.18,-1.0,0.0,0.0,4.40583610534668,-4.406388282775879
Ours,5.2,-1.0,0.0,0.0,4.242208480834961,-4.200872421264648
Ours,5.22,-1.0,0.0,0.0,5.572847843170166,-7.221891403198242
Ours,5.24,-1.0,0.0,0.0,5.924785614013672,-7.835507392883301
Ours,5.26,-1.0,0.0,0.0,4.385967254638672,-3.2282209396362305
Ours,5.28,-1.0,0.0,0.0,3.779212474822998,-4.739810943603516
Ours,5.3,-1.0,0.0,0.0,4.85789155960083,-6.895497798919678
Ours,5.32,-1.0,0.0,0.0,5.37278413772583,-4.059727191925049
Ours,5.34,-1.0,0.0,0.0,5.232142448425293,-3.146310329437256
Ours,5.36,-1.0,0.0,0.0,6.644618034362793,-8.498685836791992
Ours,5.38,-1.0,0.0,0.0,6.817256450653076,-7.0559868812561035
Ours,5.4,-1.0,0.0,0.0,8.456439971923828,-5.691007614135742
Ours,5.42,-1.0,0.0,0.0,6.518562316894531,-6.291359901428223
Ours,5.44,-1.0,0.0,0.0,7.257564544677734,-7.72044038772583
Ours,5.46,-1.0,0.0,0.0,4.027246475219727,-2.308475971221924
Ours,5.48,-1.0,0.0,0.0,5.253268241882324,-6.3101654052734375
Ours,5.5,-1.0,0.0,0.0,4.682862281799316,-7.2088165283203125
Ours,5.5200000000000005,-1.0,0.0,0.0,5.052693843841553,-5.331429481506348
Ours,5.54,-1.0,0.0,0.0,5.172570705413818,-6.590547561645508
Ours,5.5600000000000005,-1.0,0.0,0.0,4.3372883796691895,-3.8731822967529297
Ours,5.58,-1.0,0.0,0.0,5.805553436279297,-5.437594413757324
Ours,5.6000000000000005,-1.0,0.0,0.0,6.6444549560546875,-5.283392906188965
Ours,5.62,-1.0,0.0,0.0,4.866458415985107,-4.927563667297363
Ours,5.64,-1.0,0.0,0.0,6.651086807250977,-8.472990036010742
Ours,5.66,-1.0,0.0,0.0,5.646386623382568,-6.963770866394043
Ours,5.68,-1.0,0.0,0.0,6.61524772644043,-6.805727958679199
Ours,5.7,-1.0,0.0,0.0,5.512328147888184,-2.238860607147217
Ours,5.72,-1.0,0.0,0.0,4.447157859802246,-7.131904125213623
Ours,5.74,-1.0,0.0,0.0,3.2143449783325195,-8.035942077636719
Ours,5.76,-1.0,0.0,0.0,4.777973175048828,-1.3467535972595215
Ours,5.78,-1.0,0.0,0.0,3.3595330715179443,-5.078036785125732
Ours,5.8,-1.0,0.0,0.0,8.104692459106445,-6.507669448852539
Ours,5.82,-1.0,0.0,0.0,4.378546237945557,-4.254680633544922
Ours,5.84,-1.0,0.0,0.0,2.329901695251465,-8.330011367797852
Ours,5.86,-1.0,0.0,0.0,5.265627384185791,-7.248204708099365
Ours,5.88,-1.0,0.0,0.0,2.761246681213379,-4.680027008056641
Ours,5.9,-1.0,0.0,0.0,6.957547187805176,-6.674257755279541
Ours,5.92,-1.0,0.0,0.0,4.984135627746582,-3.566709041595459
Ours,5.94,-1.0,0.0,0.0,7.195141792297363,-7.985107421875
Ours,5.96,-1.0,0.0,0.0,6.717720031738281,-6.829610824584961
Ours,5.98,-1.0,0.0,0.0,4.989720344543457,-1.4081454277038574
Ours,6.0,-1.0,0.0,0.0,4.850690841674805,-4.360132217407227
Ours,6.0200000000000005,-1.0,0.0,0.0,7.409305095672607,-5.430563449859619
Ours,6.04,-1.0,0.0,0.0,6.828808307647705,-5.050021648406982
Ours,6.0600000000000005,-1.0,0.0,0.0,6.333060264587402,-7.8697590827941895
Ours,6.08,-1.0,0.0,0.0,3.4105091094970703,-3.797980785369873
Ours,6.1000000000000005,-1.0,0.0,0.0,5.762496471405029,-7.9857563972473145
Ours,6.12,-1.0,0.0,0.0,6.464688301086426,-2.901181221008301
Ours,6.140000000000001,-1.0,0.0,0.0,5.895641803741455,-6.588719844818115
Ours,6.16,-1.0,0.0,0.0,4.937453269958496,-3.7304811477661133
Ours,6.18,-1.0,0.0,0.0,6.343424320220947,-5.534765243530273
Ours,6.2,-1.0,0.0,0.0,3.384287118911743,-3.5893516540527344
Ours,6.22,-1.0,0.0,0.0,4.057834625244141,-8.632566452026367
Ours,6.24,-1.0,0.0,0.0,5.897747993469238,-4.760540008544922
Ours,6.26,-1.0,0.0,0.0,7.385890007019043,-8.25796890258789
Ours,6.28,-1.0,0.0,0.0,7.231729507446289,-8.665095329284668
Ours,6.3,-1.0,0.0,0.0,5.897881507873535,-5.8351335525512695
Ours,6.32,-1.0,0.0,0.0,3.262136697769165,-4.556678771972656
Ours,6.34,-1.0,0.0,0.0,5.048520565032959,-5.629002571105957
Ours,6.36,-1.0,0.0,0.0,4.924742698669434,-6.479578971862793
Ours,6.38,-1.0,0.0,0.0,3.1149468421936035,-7.828422546386719
Ours,6.4,-1.0,0.0,0.0,6.751450538635254,-6.565464973449707
Ours,6.42,-1.0,0.0,0.0,3.917311429977417,-5.5964250564575195
Ours,6.44,-1.0,0.0,0.0,5.148800849914551,-4.622047424316406
Ours,6.46,-1.0,0.0,0.0,3.618960380554199,-7.211941242218018
Ours,6.48,-1.0,0.0,0.0,5.4253668785095215,-6.51184606552124
Ours,6.5,-1.0,0.0,0.0,4.492162704467773,-5.379820346832275
Ours,6.5200000000000005,-1.0,0.0,0.0,5.052299499511719,-5.821575164794922
Ours,6.54,-1.0,0.0,0.0,4.588424205780029,-4.530417442321777
Ours,6.5600000000000005,-1.0,0.0,0.0,6.53384256362915,-6.529097557067871
Ours,6.58,-1.0,0.0,0.0,3.8677220344543457,-7.518510341644287
Ours,6.6000000000000005,-1.0,0.0,0.0,3.638093948364258,-3.7628726959228516
Ours,6.62,-1.0,0.0,0.0,4.4573564529418945,-4.280491352081299
Ours,6.640000000000001,-1.0,0.0,0.0,3.6411798000335693,-8.100574493408203
Ours,6.66,-1.0,0.0,0.0,6.019665718078613,-5.427738189697266
Ours,6.68,-1.0,0.0,0.0,5.236327171325684,-8.253984451293945
Ours,6.7,-1.0,0.0,0.0,7.732114791870117,-8.728180885314941
Ours,6.72,-1.0,0.0,0.0,4.730783462524414,-4.210064888000488
Ours,6.74,-1.0,0.0,0.0,5.404308319091797,-10.446210861206055
Ours,6.76,-1.0,0.0,0.0,4.961813926696777,-5.991566181182861
Ours,6.78,-1.0,0.0,0.0,5.327399730682373,-6.784674167633057
Ours,6.8,-1.0,0.0,0.0,3.748373031616211,-2.3266563415527344
Ours,6.82,-1.0,0.0,0.0,7.469618797302246,-8.152215003967285
Ours,6.84,-1.0,0.0,0.0,6.095340251922607,-8.371932983398438
Ours,6.86,-1.0,0.0,0.0,4.346646308898926,-6.011063575744629
Ours,6.88,-1.0,0.0,0.0,4.687526226043701,-5.690328598022461
Ours,6.9,-1.0,0.0,0.0,5.018118858337402,-5.6578569412231445
Ours,6.92,-1.0,0.0,0.0,3.895312547683716,-3.0873398780822754
Ours,6.94,-1.0,0.0,0.0,4.615581512451172,-6.562232494354248
Ours,6.96,-1.0,0.0,0.0,4.367273330688477,-5.831355094909668
Ours,6.98,-1.0,0.0,0.0,2.739748477935791,-0.6449675559997559
Ours,7.0,-1.0,0.0,0.0,5.397214889526367,-4.607436656951904
Ours,7.0200000000000005,-1.0,0.0,0.0,3.5308244228363037,-2.1542859077453613
Ours,7.04,-1.0,0.0,0.0,6.996892929077148,-7.89876127243042
Ours,7.0600000000000005,-1.0,0.0,0.0,6.160706043243408,-1.9885005950927734
Ours,7.08,-1.0,0.0,0.0,5.396448612213135,-7.086253643035889
Ours,7.1000000000000005,-1.0,0.0,0.0,4.427188396453857,-8.185640335083008
Ours,7.12,-1.0,0.0,0.0,4.198788642883301,-2.988269329071045
Ours,7.140000000000001,-1.0,0.0,0.0,5.377109527587891,-3.020789623260498
Ours,7.16,-1.0,0.0,0.0,5.515737056732178,-7.672513961791992
Ours,7.18,-1.0,0.0,0.0,5.795560836791992,-5.344127655029297
Ours,7.2,-1.0,0.0,0.0,4.500991344451904,-1.250885009765625
Ours,7.22,-1.0,0.0,0.0,4.541186809539795,-4.163023471832275
Ours,7.24,-1.0,0.0,0.0,4.345943450927734,-4.868847370147705
Ours,7.26,-1.0,0.0,0.0,4.857455253601074,-5.31950569152832
Ours,7.28,-1.0,0.0,0.0,4.798379898071289,-4.968626022338867
Ours,7.3,-1.0,0.0,0.0,5.965086460113525,-8.737406730651855
Ours,7.32,-1.0,0.0,0.0,4.523621082305908,-6.494208812713623
Ours,7.34,-1.0,0.0,0.0,2.457357406616211,-2.5701050758361816
Ours,7.36,-1.0,0.0,0.0,3.9737548828125,-5.375874996185303
Ours,7.38,-1.0,0.0,0.0,4.9840288162231445,-7.476333141326904
Ours,7.4,-1.0,0.0,0.0,3.9603874683380127,-4.558272838592529
Ours,7.42,-1.0,0.0,0.0,3.8631300926208496,-8.070446014404297
Ours,7.44,-1.0,0.0,0.0,4.086123943328857,-3.555941104888916
Ours,7.46,-1.0,0.0,0.0,3.7077934741973877,-4.575596332550049
Ours,7.48,-1.0,0.0,0.0,6.022960662841797,-6.058765411376953
Ours,7.5,-1.0,0.0,0.0,4.675263404846191,-9.96575927734375
Ours,7.5200000000000005,-1.0,0.0,0.0,3.79976749420166,-7.331878185272217
Ours,7.54,-1.0,0.0,0.0,8.416858673095703,-7.5783467292785645
Ours,7.5600000000000005,-1.0,0.0,0.0,4.700872898101807,-4.645474433898926
Ours,7.58,-1.0,0.0,1.0,6.87476921081543,-7.5390801429748535
