time_s,pitch_rad,pitch_deg,pitch_rate_rad_s,command_vy,command_wz,impulse_torque_pitch,torque_ankle_L_joint,torque_ankle_R_joint
0.0,0.015416387468576431,0.8832939267158508,0.06079958379268646,0.0,0.0,0.0,0.08235988020896912,-0.10861656069755554
0.02,0.015607410110533237,0.8942387104034424,0.006398415192961693,0.0,0.0,0.0,0.1980697214603424,-0.04785993695259094
0.04,0.01557173766195774,0.8921948671340942,-0.007750341668725014,0.0,0.0,0.0,-0.19629907608032227,-0.03759940341114998
0.06,0.01607266068458557,0.9208956360816956,0.04949640482664108,0.0,0.0,0.0,0.10731737315654755,0.1228354275226593
0.08,0.016895338892936707,0.968031644821167,-0.006330534815788269,0.0,0.0,0.0,-0.27820414304733276,0.24046590924263
0.1,0.017371047288179398,0.9952877163887024,-0.008560717105865479,0.0,0.0,0.0,-0.24298134446144104,0.19341179728507996
0.12,0.017141569405794144,0.9821395874023438,-0.009371407330036163,0.0,0.0,0.0,0.12446176260709763,-0.06849241256713867
0.14,0.01712733320891857,0.9813238978385925,-0.015108630061149597,0.0,0.0,0.0,0.2035374939441681,-0.0655364915728569
0.16,0.016050975769758224,0.9196531772613525,-0.0700068473815918,0.0,0.0,0.0,0.19578143954277039,-0.13011738657951355
0.18,0.015725931152701378,0.9010294675827026,0.006740257143974304,0.0,0.0,0.0,0.1511838138103485,0.06371910125017166
0.2,0.016173213720321655,0.9266569018363953,0.038325682282447815,0.0,0.0,0.0,0.14521239697933197,0.017198894172906876
0.22,0.016530176624655724,0.9471093416213989,-0.02351248636841774,0.0,0.0,0.0,-0.09881488233804703,0.1295831948518753
0.24,0.01669175922870636,0.9563673734664917,-0.019067764282226562,0.0,0.0,0.0,-0.020592033863067627,0.12319236993789673
0.26,0.01676185429096222,0.9603835344314575,0.013183355331420898,0.0,0.0,0.0,0.09758871793746948,-0.020671159029006958
0.28,0.0165170319378376,0.9463562369346619,-0.003966405987739563,0.0,0.0,0.0,0.21670544147491455,-0.09423133730888367
0.3,0.01496214047074318,0.8572674989700317,-0.06366019695997238,0.0,0.0,0.0,0.22769320011138916,-0.184502974152565
0.32,0.014985541813075542,0.8586083054542542,-0.019611351191997528,0.0,0.0,0.0,0.19300363957881927,-0.15496337413787842
0.34,0.015008012764155865,0.8598958253860474,0.0002590278163552284,0.0,0.0,0.0,-0.25047340989112854,0.1109960675239563
0.36,0.015648750588297844,0.8966073989868164,0.012910321354866028,0.0,0.0,0.0,-0.23726236820220947,0.26218122243881226
0.38,0.015838347375392914,0.9074704647064209,0.02007479965686798,0.0,0.0,0.0,0.0364113450050354,-0.03876092657446861
0.4,0.015502306632697582,0.8882167339324951,-0.012265875935554504,0.0,0.0,0.0,0.268300324678421,-0.17540517449378967
0.42,0.014566261321306229,0.8345853090286255,-0.05346307158470154,0.0,0.0,0.0,0.21473759412765503,-0.13501261174678802
0.44,0.014149256981909275,0.8106927275657654,0.002461262047290802,0.0,0.0,0.0,0.23344865441322327,-0.1588834524154663
0.46,0.014521864242851734,0.8320415616035461,-0.010530136525630951,0.0,0.0,0.0,0.002313278615474701,0.08766144514083862
0.48,0.015635916963219643,0.8958720564842224,0.035709232091903687,0.0,0.0,0.0,-0.008908577263355255,0.038824379444122314
0.5,0.016366278752684593,0.9377186894416809,-0.0015198886394500732,0.0,0.0,0.0,-0.07307060062885284,-0.11998686194419861
0.52,0.01675567775964737,0.9600296020507812,0.028993304818868637,0.0,0.0,0.0,-0.002386145293712616,-0.1394764482975006
0.54,0.016253864392638206,0.931277871131897,-0.007459641434252262,0.0,0.0,0.0,-0.0613296777009964,0.14020252227783203
0.56,0.015570102259516716,0.8921011686325073,-0.016219206154346466,0.0,0.0,0.0,0.08547626435756683,0.08792059123516083
0.58,0.015244590118527412,0.8734506964683533,-0.014131560921669006,0.0,0.0,0.0,0.08477646112442017,0.02983236312866211
0.6,0.015309200622141361,0.8771526217460632,0.0064450278878211975,0.0,0.0,0.0,0.24933187663555145,0.044100359082221985
0.62,0.015992946922779083,0.9163283705711365,-0.023901328444480896,0.0,0.0,0.0,0.011410549283027649,0.01493481919169426
0.64,0.016498969867825508,0.9453213214874268,-0.043136563152074814,0.0,0.0,0.0,0.039359934628009796,0.002770017832517624
0.66,0.01618032716214657,0.9270644783973694,-0.008569404482841492,0.0,0.0,0.0,0.15147627890110016,0.13155187666416168
0.68,0.015992315486073494,0.9162921905517578,0.007709860801696777,0.0,0.0,0.0,0.15900568664073944,-0.19276756048202515
0.7000000000000001,0.015499697998166084,0.8880673050880432,0.01026374101638794,0.0,0.0,0.0,0.05419719219207764,-0.11260854452848434
0.72,0.01546623557806015,0.886150062084198,-0.021235235035419464,0.0,0.0,0.0,0.010208912193775177,0.1107737198472023
0.74,0.014922559261322021,0.8549996614456177,-0.026544447988271713,0.0,0.0,0.0,-0.13736899197101593,0.16691717505455017
0.76,0.015393729321658611,0.8819957375526428,0.002213388681411743,0.0,0.0,0.0,-0.1933402121067047,0.25275006890296936
0.78,0.015059622935950756,0.8628528714179993,0.019204020500183105,0.0,0.0,0.0,0.10704751312732697,0.11482994258403778
0.8,0.014665307477116585,0.8402602076530457,-0.02255217730998993,0.0,0.0,0.0,0.1424499750137329,-0.04203121364116669
0.8200000000000001,0.014632427133619785,0.8383763432502747,-0.00105324387550354,0.0,0.0,0.0,0.21115337312221527,-0.030091598629951477
0.84,0.01455756090581417,0.8340868353843689,-0.013897344470024109,0.0,0.0,0.0,0.2176976501941681,-0.059828802943229675
0.86,0.015162468887865543,0.8687455058097839,0.03483714163303375,0.0,0.0,0.0,0.12697651982307434,-0.21770459413528442
0.88,0.01453793328255415,0.8329622149467468,-0.05532703548669815,0.0,0.0,0.0,0.0737776830792427,-0.05707575008273125
0.9,0.014517921023070812,0.8318156003952026,-0.0038606319576501846,0.0,0.0,0.0,-0.2359330654144287,0.21840737760066986
0.92,0.015380475670099258,0.8812363743782043,0.018586071208119392,0.0,0.0,0.0,-0.3588050603866577,0.33049699664115906
0.9400000000000001,0.01594514399766922,0.9135894775390625,-0.0068633053451776505,0.0,0.0,0.0,-0.2052069455385208,0.250491201877594
0.96,0.015480231493711472,0.8869519233703613,-0.03635653853416443,0.0,0.0,0.0,0.09905978292226791,-0.05518915504217148
0.98,0.01271289773285389,0.728395402431488,-0.11607173085212708,0.0,0.0,0.0,0.32354146242141724,-0.22929143905639648
1.0,0.012544432654976845,0.7187430262565613,0.008981660008430481,0.0,0.0,0.0,0.18903093039989471,-0.14022301137447357
1.02,0.013367068022489548,0.7658765912055969,0.025134466588497162,0.0,0.0,0.0,0.03211726248264313,-0.1370047926902771
1.04,0.013582425191998482,0.7782156467437744,-0.013352170586585999,0.0,0.0,0.0,0.014040783978998661,-0.023378927260637283
1.06,0.013573845848441124,0.7777240872383118,0.002383813261985779,0.0,0.0,0.0,0.040027957409620285,0.0007295198738574982
1.08,0.01365349255502224,0.7822874784469604,-0.008035644888877869,0.0,0.0,0.0,0.10538013279438019,-0.008852154016494751
1.1,0.013934926129877567,0.7984124422073364,-0.007302120327949524,0.0,0.0,0.0,0.1711633801460266,0.09260769188404083
1.12,0.01393077615648508,0.7981746792793274,0.0038816891610622406,0.0,0.0,0.0,0.05630830302834511,0.07382120937108994
1.1400000000000001,0.013346618041396141,0.7647048830986023,-0.025710470974445343,0.0,0.0,0.0,0.11132283508777618,0.17501981556415558
1.16,0.012364507652819157,0.7084341049194336,-0.035882651805877686,0.0,0.0,0.0,0.08862588554620743,0.08765849471092224
1.18,0.011675460264086723,0.668954610824585,-0.025997184216976166,0.0,0.0,0.0,0.12144805490970612,-0.06256817281246185
1.2,0.01156223751604557,0.6624674201011658,-0.013198867440223694,0.0,0.0,0.0,0.11631850898265839,-0.1347143054008484
1.22,0.011119263246655464,0.6370868682861328,-0.0021032802760601044,0.0,0.0,0.0,-0.07705923169851303,0.155162513256073
1.24,0.011285688728094101,0.646622359752655,-0.011042267084121704,0.0,0.0,0.0,-0.11625102907419205,-0.004096478223800659
1.26,0.010790969245135784,0.6182770133018494,-0.032886505126953125,0.0,0.0,0.0,0.15380766987800598,-0.19211967289447784
1.28,0.012410963885486126,0.7110958695411682,0.10442014038562775,0.0,0.0,0.0,0.16167840361595154,-0.27242255210876465
1.3,0.012416308745741844,0.7114021182060242,-0.01926085352897644,0.0,0.0,0.0,0.13343513011932373,-0.14654043316841125
1.32,0.012092815712094307,0.6928673386573792,0.0009103044867515564,0.0,0.0,0.0,0.13534343242645264,0.06788913905620575
1.34,0.012428090907633305,0.7120771408081055,-0.026959680020809174,0.0,0.0,0.0,-0.025861263275146484,0.02399999462068081
1.36,0.013844553381204605,0.7932344675064087,0.07887490093708038,0.0,0.0,0.0,-0.07182290405035019,0.1751285046339035
1.3800000000000001,0.014574640430510044,0.8350653648376465,-0.00673019140958786,0.0,0.0,0.0,-0.17344650626182556,0.20628663897514343
1.4000000000000001,0.014653629623353481,0.8395911455154419,-0.007204076275229454,0.0,0.0,0.0,-0.06507852673530579,0.12743690609931946
1.42,0.012580595910549164,0.7208150625228882,-0.11991821229457855,0.0,0.0,0.0,0.2090093344449997,-0.12318210303783417
1.44,0.012140540406107903,0.695601761341095,-0.006692185997962952,0.0,0.0,0.0,0.1625407338142395,-0.17163914442062378
1.46,0.01116944756358862,0.6399621963500977,-0.05212371051311493,0.0,0.0,0.0,0.12134253978729248,-0.11853164434432983
1.48,0.01140887476503849,0.6536803841590881,0.05626939237117767,0.0,0.0,0.0,-0.0743095725774765,-0.1271156221628189
1.5,0.011953885667026043,0.6849071979522705,0.044936928898096085,0.0,0.0,0.0,-0.060933470726013184,0.07155252248048782
1.52,0.011879459954798222,0.6806429028511047,-0.008010044693946838,0.0,0.0,0.0,-0.18639332056045532,0.11291590332984924
1.54,0.012363935820758343,0.7084013223648071,-0.03162354975938797,0.0,0.0,0.0,-0.03291264921426773,0.25017035007476807
1.56,0.011771458201110363,0.6744548678398132,-0.04765990376472473,0.0,0.0,0.0,0.14883965253829956,-0.17172487080097198
1.58,0.011613607406616211,0.6654106974601746,0.012672185897827148,0.0,0.0,0.0,0.14912766218185425,-0.22674560546875
1.6,0.011047079227864742,0.632951021194458,-0.02771284058690071,0.0,0.0,0.0,0.12992243468761444,-0.11528411507606506
1.62,0.009878374636173248,0.5659891963005066,-0.020018402487039566,0.0,0.0,0.0,-0.03077223151922226,0.03710150718688965
1.6400000000000001,0.009621486067771912,0.5512705445289612,-0.0001200065016746521,0.0,0.0,0.0,-0.11903414130210876,0.14685899019241333
1.6600000000000001,0.00963370781391859,0.5519707798957825,-0.01200190931558609,0.0,0.0,0.0,0.026442714035511017,0.18915462493896484
1.68,0.009730870835483074,0.557537853717804,0.04408486187458038,0.0,0.0,0.0,-0.04747483879327774,0.02162889391183853
1.7,0.009780924767255783,0.5604057312011719,0.005266934633255005,0.0,0.0,0.0,0.14337463676929474,-0.19136588275432587
1.72,0.009504280053079128,0.544555127620697,-0.009830377995967865,0.0,0.0,0.0,0.18226595222949982,-0.16559934616088867
1.74,0.007826830260455608,0.44844433665275574,-0.05263867974281311,0.0,0.0,0.0,0.019092649221420288,-0.0682804137468338
1.76,0.00726148160174489,0.4160522520542145,0.02385975420475006,0.0,0.0,0.0,-0.0328667014837265,0.13193154335021973
1.78,0.007815923541784286,0.44781944155693054,0.033841267228126526,0.0,0.0,0.0,0.11440876871347427,0.07700835913419724
1.8,0.008112113922834396,0.46478989720344543,-0.007880497723817825,0.0,0.0,0.0,-0.2258281409740448,0.21292805671691895
1.82,0.007586899679154158,0.43469732999801636,-0.042317748069763184,0.0,0.0,0.0,0.051884882152080536,-0.17474326491355896
1.84,0.0069786361418664455,0.3998464047908783,-0.0030149146914482117,0.0,0.0,0.0,0.14280791580677032,-0.22688420116901398
1.86,0.007349656894803047,0.4211043119430542,0.0021875575184822083,0.0,0.0,0.0,0.14120499789714813,-0.22881080210208893
1.8800000000000001,0.008324922993779182,0.4769829511642456,0.05475802719593048,0.0,0.0,0.0,-0.007590770721435547,-0.11093822121620178
1.9000000000000001,0.008676554076373577,0.4971299469470978,0.009831735864281654,0.0,0.0,0.0,-0.23098066449165344,0.3872792422771454
1.92,0.011217447929084301,0.642712414264679,0.11668607592582703,0.0,0.0,0.0,-0.11010388284921646,0.12235325574874878
1.94,0.012733143754303455,0.7295554280281067,0.018836811184883118,0.0,0.0,0.0,0.003274098038673401,-0.09982124716043472
1.96,0.012605278752744198,0.7222293019294739,0.006565459072589874,0.0,0.0,0.0,0.0058725252747535706,-0.03168271481990814
1.98,0.012173683382570744,0.6975007057189941,-0.006630808115005493,0.0,0.0,0.0,0.14983803033828735,-0.018417231738567352
2.0,0.012129438109695911,0.6949656009674072,0.009994633495807648,0.0,0.0,0.0,0.15664736926555634,-0.031767528504133224
2.02,0.012333724647760391,0.7066704034805298,0.013352073729038239,0.0,0.0,0.0,0.12042801082134247,0.08742789924144745
2.04,0.012875846587121487,0.7377316951751709,0.013420656323432922,0.0,0.0,0.0,0.00824950821697712,0.012148939073085785
2.06,0.01356520690023899,0.7772291302680969,0.022894926369190216,0.0,0.0,0.0,0.006205230951309204,-0.09321856498718262
2.08,0.013613007962703705,0.7799679040908813,-0.0012524835765361786,0.0,0.0,0.0,0.12431871145963669,-0.008168362081050873
2.1,0.013025673106312752,0.7463160753250122,-0.04510059952735901,0.0,0.0,0.0,0.061537083238363266,0.07639576494693756
2.12,0.013522863388061523,0.7748029828071594,0.004256591200828552,0.0,0.0,0.0,0.1555611491203308,0.027142629027366638
2.14,0.014039724133908749,0.8044169545173645,-0.022539645433425903,0.0,0.0,0.0,0.06223411113023758,0.021836046129465103
2.16,0.014711002819240093,0.8428784012794495,0.028180941939353943,0.0,0.0,0.0,0.019321568310260773,-0.15423400700092316
2.18,0.0144671481102705,0.8289065361022949,0.00582614541053772,0.0,0.0,0.0,0.08727054297924042,-0.14095118641853333
2.2,0.014096906408667564,0.8076932430267334,0.00608263211324811,0.0,0.0,0.0,-0.09410440921783447,0.029321327805519104
2.22,0.014555774629116058,0.8339844346046448,-0.012265678495168686,0.0,0.0,0.0,-0.10402120649814606,0.1652289777994156
2.24,0.014380189590156078,0.82392418384552,-0.011572375893592834,0.0,0.0,0.0,-0.12004488706588745,0.11155980080366135
2.2600000000000002,0.013562452979385853,0.7770712971687317,-0.0741313248872757,0.0,0.0,0.0,0.16050240397453308,-0.167323037981987
2.2800000000000002,0.013440331444144249,0.7700742483139038,0.0016414523124694824,0.0,0.0,0.0,0.12650609016418457,-0.2568952441215515
2.3000000000000003,0.013392780907452106,0.7673498392105103,0.011174716055393219,0.0,0.0,0.0,0.11102916300296783,-0.22110062837600708
2.32,0.012917207553982735,0.7401014566421509,0.01920761913061142,0.0,0.0,0.0,0.08064838498830795,-0.036290109157562256
2.34,0.012832689099013805,0.735258936882019,-0.01246187835931778,0.0,0.0,0.0,0.06773963570594788,0.10740794241428375
2.36,0.013096963055431843,0.750400722026825,-0.013425879180431366,0.0,0.0,0.0,0.19672097265720367,0.16320502758026123
2.38,0.014667264185845852,0.8403723239898682,0.08769747614860535,0.0,0.0,0.0,0.009331680834293365,-0.026517849415540695
2.4,0.01656425930559635,0.949062168598175,0.06231023371219635,0.0,0.0,0.0,-0.06506101042032242,-0.13258132338523865
2.42,0.015199472196400166,0.8708656430244446,-0.09444975852966309,0.0,0.0,0.0,0.1252044290304184,-0.1303516924381256
2.44,0.014016315340995789,0.8030757308006287,-0.027151010930538177,0.0,0.0,0.0,0.21507108211517334,-0.08531342446804047
2.46,0.014637895859777927,0.8386896848678589,0.024836547672748566,0.0,0.0,0.0,0.19663479924201965,0.08685974776744843
2.48,0.0160204004496336,0.917901337146759,0.02755458652973175,0.0,0.0,0.0,-0.10114852339029312,-0.20136599242687225
2.5,0.018118761479854584,1.0381286144256592,0.08413975685834885,0.0,0.0,0.0,-0.16330769658088684,0.13922807574272156
2.52,0.018141670152544975,1.0394411087036133,-0.00461244210600853,0.0,0.0,0.0,-0.06404520571231842,0.1591615080833435
2.54,0.017605407163500786,1.0087155103683472,-0.04310966283082962,0.0,0.0,0.0,0.1679658144712448,-0.0022400319576263428
2.56,0.016987983137369156,0.9733397364616394,-0.01903754472732544,0.0,0.0,0.0,0.4635103940963745,-0.1592513918876648
2.58,0.016497928649187088,0.9452617168426514,-0.005031675100326538,0.0,0.0,0.0,0.3667489290237427,-0.18767252564430237
2.6,0.016932738944888115,0.9701744914054871,0.05420823022723198,0.0,0.0,0.0,0.0012253448367118835,0.2128540575504303
2.62,0.017429139465093613,0.9986161589622498,0.049506284296512604,0.0,0.0,0.0,-0.10261371731758118,0.21228519082069397
2.64,0.018421437591314316,1.055470585823059,0.01995866745710373,0.0,0.0,0.0,-0.018651410937309265,0.18375591933727264
2.66,0.017009122297167778,0.9745509028434753,-0.1058449000120163,0.0,0.0,0.0,0.09476976096630096,-0.05319957807660103
2.68,0.016056790947914124,0.919986367225647,-0.025880247354507446,0.0,0.0,0.0,0.18660688400268555,-0.11751071363687515
2.7,0.015180893242359161,0.8698011040687561,-0.022102437913417816,0.0,0.0,0.0,0.3234425485134125,-0.13322705030441284
2.72,0.015086742118000984,0.8644066452980042,0.001673378050327301,0.0,0.0,0.0,-0.029103565961122513,0.23582713305950165
2.74,0.015861772000789642,0.9088125824928284,0.02808934450149536,0.0,0.0,0.0,0.007131859660148621,-0.02255316823720932
2.7600000000000002,0.015321304090321064,0.8778460621833801,-0.03563079237937927,0.0,0.0,0.0,0.11407144367694855,-0.009041041135787964
2.7800000000000002,0.014825282618403435,0.8494261503219604,-0.025622081011533737,0.0,0.0,0.0,0.13574756681919098,-0.19522181153297424
2.8000000000000003,0.014343264512717724,0.8218085169792175,0.018577056005597115,0.0,0.0,0.0,0.1521614044904709,0.031958457082509995
2.82,0.01514538936316967,0.8677669167518616,0.05800981819629669,0.0,0.0,0.0,0.13164274394512177,0.11572112143039703
2.84,0.01568421721458435,0.898639440536499,0.015558727085590363,0.0,0.0,0.0,-0.017575446516275406,0.21659448742866516
2.86,0.016914350911974907,0.9691209197044373,0.036223895847797394,0.0,0.0,0.0,-0.033896878361701965,0.1673077940940857
2.88,0.018525108695030212,1.0614105463027954,0.022311344742774963,0.0,0.0,0.0,0.009003501385450363,-0.03104012832045555
2.9,0.019147001206874847,1.0970423221588135,0.033945128321647644,0.0,0.0,0.0,-0.06372015178203583,-0.20269304513931274
2.92,0.01770908758044243,1.0146559476852417,-0.10518256574869156,0.0,0.0,0.0,0.6171660423278809,-0.37137407064437866
2.94,0.016677135601639748,0.955529510974884,-0.0001943930983543396,0.0,0.0,0.0,0.16671571135520935,-0.13355496525764465
2.96,0.01499817706644535,0.859332263469696,-0.024137716740369797,0.0,0.0,0.0,0.015654459595680237,0.18344958126544952
2.98,0.016955429688096046,0.9714745879173279,0.09668200463056564,0.0,0.0,0.0,-0.1932116448879242,0.28409063816070557
3.0,0.01735531911253929,0.9943865537643433,-0.03052694723010063,0.0,0.0,0.0,-0.3894478380680084,0.39715054631233215
3.02,0.017453918233513832,1.0000358819961548,0.005002759397029877,0.0,0.0,0.0,-0.04542998969554901,0.08514553308486938
3.04,0.01608884148299694,0.921822726726532,-0.1355184018611908,0.0,0.0,0.0,0.2719053328037262,-0.15672028064727783
3.06,0.01332874596118927,0.7636808753013611,-0.11855309456586838,0.0,0.0,0.0,0.4538988471031189,-0.6154418587684631
3.08,0.01139337569475174,0.6527923345565796,-0.05805061757564545,0.0,0.0,0.0,0.11148357391357422,-0.2957303524017334
3.1,0.011963521130383015,0.6854592561721802,0.04635462164878845,0.0,0.0,0.0,0.16599580645561218,-0.2098868191242218
3.12,0.012583284638822079,0.7209690809249878,0.03334633260965347,0.0,0.0,0.0,0.03076363168656826,-0.055420029908418655
3.14,0.012932734563946724,0.7409911155700684,0.03048389032483101,0.0,0.0,0.0,-0.2000335454940796,0.2532558739185333
3.16,0.014440855011343956,0.8274000287055969,0.05510912090539932,0.0,0.0,0.0,-0.07720889896154404,0.05088576674461365
3.18,0.01470401231199503,0.8424778580665588,-0.024183999747037888,0.0,0.0,0.0,-0.017055120319128036,0.007022663950920105
3.2,0.013796635903418064,0.7904890179634094,-0.01791045069694519,0.0,0.0,0.0,0.06314731389284134,0.21865683794021606
3.22,0.013232062570750713,0.7581413388252258,0.035422928631305695,0.0,0.0,0.0,0.051054343581199646,-0.04693243280053139
3.24,0.012394115328788757,0.710130512714386,-0.03449138253927231,0.0,0.0,0.0,0.14012980461120605,-0.12037166953086853
3.2600000000000002,0.012639341875910759,0.7241809368133545,0.0338415652513504,0.0,0.0,0.0,0.18445318937301636,-0.1650792956352234
3.2800000000000002,0.012211617082357407,0.699674129486084,-0.01837264746427536,0.0,0.0,0.0,0.23734977841377258,0.10319212079048157
3.3000000000000003,0.013514735735952854,0.7743373513221741,0.04141898453235626,0.0,0.0,0.0,-0.1587136685848236,0.24845877289772034
3.3200000000000003,0.014438670128583908,0.8272748589515686,0.014579899609088898,0.0,0.0,0.0,0.06877540051937103,0.011894039809703827
3.34,0.01385987177491188,0.7941121459007263,-0.04383459687232971,0.0,0.0,0.0,0.14484678208827972,-0.09058898687362671
3.36,0.012946524657309055,0.7417812347412109,-0.010329492390155792,0.0,0.0,0.0,0.10363196581602097,-0.0443098284304142
3.38,0.01388572622090578,0.7955935001373291,0.011375874280929565,0.0,0.0,0.0,-0.06442476809024811,0.09891130775213242
3.4,0.014438038691878319,0.8272386789321899,-0.07807569205760956,0.0,0.0,0.0,-0.07787786424160004,-0.13526466488838196
3.42,0.014219573698937893,0.8147215843200684,-0.026690978556871414,0.0,0.0,0.0,-0.04374130815267563,-0.14890246093273163
3.44,0.013251339085400105,0.7592458128929138,-0.0583709217607975,0.0,0.0,0.0,0.19177529215812683,-0.14214028418064117
3.46,0.012459502555429935,0.7138769030570984,-0.06285683065652847,0.0,0.0,0.0,0.1799149364233017,-0.012639619410037994
3.48,0.012001680210232735,0.6876456141471863,-0.0019665732979774475,0.0,0.0,0.0,0.009773913770914078,0.22424370050430298
3.5,0.011940328404307365,0.6841304302215576,-0.005405709147453308,0.0,0.0,0.0,-0.021449025720357895,-0.047684624791145325
3.52,0.012102182023227215,0.693403959274292,-0.011946404352784157,0.0,0.0,0.0,-0.18842291831970215,0.03726450353860855
3.54,0.011500774882733822,0.6589458584785461,0.011458724737167358,0.0,0.0,0.0,0.01394597440958023,0.0036232247948646545
3.56,0.011223007924854755,0.6430310010910034,-0.022412970662117004,0.0,0.0,0.0,0.03886367753148079,-0.033601269125938416
3.58,0.010287240147590637,0.589415431022644,-0.028865378350019455,0.0,0.0,0.0,0.13898342847824097,0.08904898166656494
3.6,0.009995626285672188,0.5727072358131409,0.007020622491836548,0.0,0.0,0.0,0.010588835924863815,0.20979973673820496
3.62,0.009717689827084541,0.556782603263855,-0.019672926515340805,0.0,0.0,0.0,0.023767977952957153,0.13055336475372314
3.64,0.009816054254770279,0.5624184608459473,-0.017016395926475525,0.0,0.0,0.0,-0.019743598997592926,-0.13922205567359924
3.66,0.010457528755068779,0.5991722941398621,0.06007964909076691,0.0,0.0,0.0,0.028529420495033264,-0.1215575635433197
3.68,0.011048301123082638,0.6330210566520691,0.016202136874198914,0.0,0.0,0.0,0.04227155074477196,-0.2031581848859787
3.7,0.010191250592470169,0.583915650844574,-0.05101970583200455,0.0,0.0,0.0,-0.013091892004013062,-0.09004096686840057
3.72,0.010236402973532677,0.5865026712417603,0.07511404156684875,0.0,0.0,0.0,-0.029075177386403084,0.1865215301513672
3.74,0.011191755533218384,0.6412403583526611,0.047793637961149216,0.0,0.0,0.0,-0.22929199039936066,0.4123101532459259
3.7600000000000002,0.013176440261304379,0.7549543976783752,0.07611735910177231,0.0,0.0,0.0,-0.02478945255279541,0.10847971588373184
3.7800000000000002,0.014073190279304981,0.8063344359397888,0.030596725642681122,0.0,0.0,0.0,0.15314021706581116,-0.040967606008052826
3.8000000000000003,0.015225273557007313,0.872343897819519,-0.057670772075653076,0.0,0.0,0.0,0.15855376422405243,-0.3277532756328583
3.8200000000000003,0.012218102812767029,0.7000457048416138,-0.17305243015289307,0.0,0.0,0.0,0.9504170417785645,-1.5162110328674316
3.84,0.009589167311787605,0.5494188070297241,-0.08914822340011597,0.0,0.0,0.0,1.018282413482666,-1.7894916534423828
3.86,0.011131691746413708,0.6377989649772644,0.047224462032318115,0.0,0.0,0.0,0.4261096715927124,-1.9579910039901733
3.88,0.009993166662752628,0.5725662708282471,-0.08746737241744995,0.0,0.0,0.0,0.5883227586746216,-0.38297638297080994
3.9,0.012197388336062431,0.6988588571548462,0.13807529211044312,0.0,0.0,0.0,0.333246648311615,-0.7085784673690796
3.92,0.013434330001473427,0.7697303891181946,0.01327010989189148,0.0,0.0,0.0,0.3013533651828766,-0.22863462567329407
3.94,0.016591504216194153,0.9506231546401978,0.12241804599761963,0.0,0.0,0.0,0.20600774884223938,-0.2920686900615692
3.96,0.01674242876470089,0.9592705368995667,-0.019309096038341522,0.0,0.0,0.0,0.06666399538516998,0.047141652554273605
3.98,0.013590499758720398,0.778678297996521,-0.07447542250156403,0.0,0.0,0.0,0.0458134189248085,0.2165619134902954
4.0,0.07748652994632721,4.439651012420654,0.08435525000095367,0.0,0.0,45.0,0.0515890046954155,0.4490462839603424
4.0200000000000005,-0.04246312007308006,-2.432957649230957,0.03412769362330437,0.0,0.0,45.0,4.848779201507568,-3.935062885284424
4.04,0.027402861043810844,1.570068359375,-0.16713319718837738,0.0,0.0,45.0,0.38881075382232666,1.4787079095840454
4.0600000000000005,0.019464828073978424,1.1152524948120117,0.029087845236063004,0.0,0.0,45.0,5.544040203094482,-5.594148635864258
4.08,0.04155885428190231,2.3811469078063965,-0.1383945494890213,0.0,0.0,45.0,1.0079270601272583,-2.74845814704895
4.1,-0.08447723835706711,-4.840189456939697,0.04210636019706726,0.0,0.0,45.0,6.742847442626953,-5.537160873413086
4.12,-0.08268244564533234,-4.7373552322387695,-0.1096859946846962,0.0,0.0,45.0,4.93687105178833,-5.564205169677734
4.14,-0.040291957557201385,-2.3085591793060303,0.05580984055995941,0.0,0.0,45.0,3.13083553314209,-7.6284565925598145
4.16,-0.059646036475896835,-3.417466163635254,-0.742874026298523,0.0,0.0,0.0,0.48377302289009094,-1.041259527206421
4.18,-0.04809220880270004,-2.7554805278778076,-0.08289408683776855,0.0,0.0,0.0,2.8459999561309814,-3.757765293121338
4.2,-0.02924702875316143,-1.6757313013076782,-0.3363947868347168,0.0,0.0,0.0,4.603353500366211,-5.830409526824951
4.22,-0.018117310479283333,-1.0380454063415527,-1.066049575805664,0.0,0.0,0.0,5.335416316986084,-5.979785919189453
4.24,-0.011326552368700504,-0.6489636301994324,-0.5959339141845703,0.0,0.0,0.0,5.040607452392578,-6.838931083679199
4.26,-0.008624161593616009,-0.4941280782222748,-0.5476827621459961,0.0,0.0,0.0,5.123261451721191,-8.07119083404541
4.28,-0.005339071620255709,-0.3059062659740448,-0.3827047348022461,0.0,0.0,0.0,4.97628116607666,-8.066617012023926
4.3,-0.0030442916322499514,-0.17442506551742554,-0.44930458068847656,0.0,0.0,0.0,4.816107749938965,-7.162418842315674
4.32,-0.0006356083904393017,-0.036417677998542786,-0.4532737731933594,0.0,0.0,0.0,4.692800045013428,-6.757640361785889
4.34,0.0005096524255350232,0.029200933873653412,-0.49212169647216797,0.0,0.0,0.0,4.467493534088135,-6.248351573944092
4.36,-0.0005714056896977127,-0.03273913636803627,-0.5208015441894531,0.0,0.0,0.0,4.166664123535156,-5.865583419799805
4.38,-0.001223118044435978,-0.070079505443573,-0.5359334945678711,0.0,0.0,0.0,3.830089807510376,-5.004527568817139
4.4,-0.004688480868935585,-0.26863017678260803,2.2330265045166016,0.0,0.0,0.0,2.311842441558838,-4.375532627105713
4.42,0.031712856143713,1.8170127868652344,0.8065991401672363,0.0,0.0,0.0,-1.7779498100280762,1.2045786380767822
4.44,0.015988348051905632,0.9160648584365845,-0.9326182007789612,0.0,0.0,0.0,1.111560583114624,-0.5957866311073303
4.46,0.002775725908577442,0.15903738141059875,-1.1558171510696411,0.0,0.0,0.0,-0.3219374716281891,-0.24625423550605774
4.48,-0.015707489103078842,-0.8999728560447693,-0.7101114392280579,0.0,0.0,0.0,0.029243990778923035,1.6260961294174194
4.5,-0.002271458972245455,-0.13014501333236694,0.7799410820007324,0.0,0.0,0.0,-1.2399866580963135,3.1341893672943115
4.5200000000000005,0.0020766770467162132,0.11898483335971832,-0.27109527587890625,0.0,0.0,0.0,-2.438389778137207,5.256258487701416
4.54,-0.011722458526492119,-0.6716474294662476,-0.4829854965209961,0.0,0.0,0.0,-3.4830384254455566,4.49094820022583
4.5600000000000005,-0.008846383541822433,-0.5068604350090027,0.2997598648071289,0.0,0.0,0.0,-2.1496505737304688,2.4706194400787354
4.58,-0.001939102541655302,-0.111102394759655,0.20310449600219727,0.0,0.0,0.0,-1.0066890716552734,2.771588087081909
4.6000000000000005,-0.0003971846599597484,-0.02275700494647026,-0.17128968238830566,0.0,0.0,0.0,-1.2427129745483398,3.185737371444702
4.62,-0.002559433691203594,-0.14664475619792938,-0.041275978088378906,0.0,0.0,0.0,-0.874549388885498,2.8374693393707275
4.64,0.0014965684385970235,0.08574705570936203,0.17204833030700684,0.0,0.0,0.0,-0.8241922855377197,1.2670663595199585
4.66,0.002835305407643318,0.16245102882385254,-0.0757799819111824,0.0,0.0,0.0,-0.09139519929885864,-0.07165493071079254
4.68,0.0013586117420345545,0.07784271985292435,-0.07422173023223877,0.0,0.0,0.0,1.2718836069107056,-1.0780909061431885
4.7,0.002667568624019623,0.15284042060375214,0.07503312826156616,0.0,0.0,0.0,1.303411841392517,-0.20076191425323486
4.72,0.007659471593797207,0.4388554096221924,0.28170299530029297,0.0,0.0,0.0,1.1357280015945435,-0.5619868636131287
4.74,0.015142824500799179,0.8676199316978455,0.33549368381500244,0.0,0.0,0.0,0.7820442914962769,-0.5311977863311768
4.76,0.02128804288804531,1.2197149991989136,0.13667762279510498,0.0,0.0,0.0,0.22638815641403198,-0.6380797624588013
4.78,0.024956056848168373,1.4298768043518066,0.1311829388141632,0.0,0.0,0.0,0.2731960117816925,-0.10841264575719833
4.8,0.025522325187921524,1.4623215198516846,0.02120603434741497,0.0,0.0,0.0,-0.028085023164749146,0.1925809681415558
4.82,0.021650228649377823,1.2404667139053345,-0.1513264775276184,0.0,0.0,0.0,-0.22149667143821716,0.7372966408729553
4.84,0.024200744926929474,1.3866006135940552,0.1618357002735138,0.0,0.0,0.0,-0.3289278745651245,0.7287001013755798
4.86,0.024325907230377197,1.3937718868255615,-0.026262640953063965,0.0,0.0,0.0,-0.3674820065498352,0.8464393615722656
4.88,0.02252868376672268,1.290798544883728,-0.05487746000289917,0.0,0.0,0.0,-0.6316064596176147,1.118351936340332
4.9,0.022764669731259346,1.3043195009231567,0.003461301326751709,0.0,0.0,0.0,-0.36000651121139526,0.8002764582633972
4.92,0.020776920020580292,1.1904298067092896,-0.13722281157970428,0.0,0.0,0.0,0.049532707780599594,0.26289689540863037
4.94,0.0189349502325058,1.084892749786377,-0.07624666392803192,0.0,0.0,0.0,0.060149796307086945,0.39461958408355713
4.96,0.017786120995879173,1.0190696716308594,-0.0428374707698822,0.0,0.0,0.0,0.28347551822662354,0.18205666542053223
4.98,0.016642672941088676,0.9535549283027649,-0.021739907562732697,0.0,0.0,0.0,0.05792651325464249,0.08466524630784988
5.0,0.017309466376900673,0.9917593598365784,0.05670057237148285,0.0,0.0,0.0,-0.03930430859327316,0.04250280559062958
5.0200000000000005,0.017234820872545242,0.987482488155365,-0.013518661260604858,0.0,0.0,0.0,0.1372731328010559,0.07017780840396881
5.04,0.017123091965913773,0.9810808897018433,-0.012132987380027771,0.0,0.0,0.0,0.016126953065395355,0.2119128406047821
5.0600000000000005,0.01748056709766388,1.0015627145767212,0.0010844171047210693,0.0,0.0,0.0,0.06972020119428635,0.11553651094436646
5.08,0.017969442531466484,1.0295732021331787,0.03196144104003906,0.0,0.0,0.0,0.056904908269643784,0.11871012300252914
5.1000000000000005,0.01815168559551239,1.0400149822235107,-0.022251218557357788,0.0,0.0,0.0,0.05482013523578644,0.12083700299263
5.12,0.017772920429706573,1.0183132886886597,-0.027317926287651062,0.0,0.0,0.0,0.16182447969913483,0.09072385728359222
5.14,0.01819377951323986,1.0424268245697021,0.05127120018005371,0.0,0.0,0.0,0.04321017861366272,0.10894452780485153
5.16,0.0183243565261364,1.0499082803726196,-0.01646772027015686,0.0,0.0,0.0,0.028159216046333313,0.20995065569877625
5.18,0.019419411197304726,1.1126502752304077,0.03528192639350891,0.0,0.0,0.0,-0.22709554433822632,0.2885947823524475
5.2,0.020112749189138412,1.1523756980895996,0.009994611144065857,0.0,0.0,0.0,0.1493111401796341,0.1909966617822647
5.22,0.019244026392698288,1.1026015281677246,-0.05535876750946045,0.0,0.0,0.0,0.1820455938577652,0.06178037449717522
5.24,0.021010586991906166,1.2038179636001587,0.07848995178937912,0.0,0.0,0.0,-0.061862796545028687,0.13987305760383606
5.26,0.020796038210392,1.1915252208709717,-0.027978062629699707,0.0,0.0,0.0,0.06888405978679657,0.034108877182006836
5.28,0.02009107731282711,1.1511338949203491,-0.03296460211277008,0.0,0.0,0.0,0.06507697701454163,0.06514233350753784
5.3,0.019426925107836723,1.1130808591842651,-0.0300024151802063,0.0,0.0,0.0,0.005496576428413391,-0.040224507451057434
5.32,0.018769247457385063,1.0753986835479736,-0.020795583724975586,0.0,0.0,0.0,0.05637693405151367,0.12939393520355225
5.34,0.018664002418518066,1.069368600845337,0.007451657205820084,0.0,0.0,0.0,-0.21640297770500183,0.28980767726898193
5.36,0.019344782456755638,1.1083743572235107,0.03072679042816162,0.0,0.0,0.0,-0.140053853392601,0.22012567520141602
5.38,0.01955963671207428,1.1206846237182617,-0.00063343346118927,0.0,0.0,0.0,0.037127990275621414,0.12357540428638458
5.4,0.018907330930233,1.0833102464675903,-0.036671191453933716,0.0,0.0,0.0,0.24363017082214355,-0.16675832867622375
5.42,0.017509963363409042,1.0032470226287842,-0.020933136343955994,0.0,0.0,0.0,0.23621885478496552,0.12275901436805725
5.44,0.017773887142539024,1.0183687210083008,0.10292898863554001,0.0,0.0,0.0,0.026371300220489502,-0.009160753339529037
5.46,0.016672393307089806,0.955257773399353,-0.05107402056455612,0.0,0.0,0.0,-0.10031285881996155,0.40270963311195374
5.48,0.015461531467735767,0.8858805298805237,0.0002397000789642334,0.0,0.0,0.0,-0.3199689984321594,0.6151874661445618
5.5,0.017620325088500977,1.0095702409744263,0.1301874965429306,0.0,0.0,0.0,-0.2944551706314087,0.4736563563346863
5.5200000000000005,0.01804090104997158,1.0336674451828003,0.003284558653831482,0.0,0.0,0.0,0.12298838794231415,-0.05841862037777901
5.54,0.018736066296696663,1.0734975337982178,0.012155130505561829,0.0,0.0,0.0,0.1412825882434845,-0.17009320855140686
5.5600000000000005,0.017467878758907318,1.0008357763290405,-0.08833163976669312,0.0,0.0,0.0,0.311173677444458,-0.09178857505321503
5.58,0.01820664294064045,1.043163776397705,0.10577124357223511,0.0,0.0,0.0,-0.0963219702243805,-0.06753683090209961
5.6000000000000005,0.019744904711842537,1.1312997341156006,0.12884745001792908,0.0,0.0,0.0,-0.08966022729873657,-0.12959817051887512
5.62,0.020623400807380676,1.1816338300704956,0.11481916904449463,0.0,0.0,0.0,0.17111510038375854,-0.20517855882644653
5.64,0.020475296303629875,1.1731480360031128,-0.01542694866657257,0.0,0.0,0.0,0.14112144708633423,-0.020260125398635864
5.66,0.01773981936275959,1.0164167881011963,-0.22443526983261108,0.0,0.0,0.0,0.08096398413181305,0.32172805070877075
5.68,0.018150588497519493,1.0399521589279175,0.05347411334514618,0.0,0.0,0.0,-0.19154606759548187,0.5972136855125427
5.7,0.018786925822496414,1.0764116048812866,-0.004139840602874756,0.0,0.0,0.0,-0.0736607164144516,0.27630865573883057
5.72,0.01911274343729019,1.0950795412063599,0.01709422469139099,0.0,0.0,0.0,0.1345173716545105,-0.06986077129840851
5.74,0.017498256638646126,1.002576231956482,-0.11637404561042786,0.0,0.0,0.0,0.2948397397994995,-0.10459645837545395
5.76,0.015337992459535599,0.8788022398948669,-0.046043187379837036,0.0,0.0,0.0,0.34891068935394287,-0.037041906267404556
5.78,0.014495054259896278,0.8305054306983948,0.0043312907218933105,0.0,0.0,0.0,0.275717169046402,-0.13392256200313568
5.8,0.016549497842788696,0.9482163786888123,0.14706790447235107,0.0,0.0,0.0,0.052126094698905945,-0.020457357168197632
5.82,0.01920459419488907,1.1003421545028687,0.09359127283096313,0.0,0.0,0.0,0.0018678642809391022,0.04613099619746208
5.84,0.01921316422522068,1.1008331775665283,0.04150489345192909,0.0,0.0,0.0,0.06285760551691055,-0.003458302468061447
5.86,0.017254361882805824,0.9886021018028259,-0.14025890827178955,0.0,0.0,0.0,0.1802324801683426,0.0002968311309814453
5.88,0.01687897928059101,0.9670943021774292,0.02370399236679077,0.0,0.0,0.0,0.20887863636016846,0.005476068705320358
5.9,0.018075328320264816,1.035640001296997,0.08638256788253784,0.0,0.0,0.0,0.09827747941017151,-0.03609956428408623
5.92,0.01914842799305916,1.0971240997314453,0.034825652837753296,0.0,0.0,0.0,-0.0018044114112854004,-0.028496824204921722
5.94,0.019472841173410416,1.1157115697860718,0.021941274404525757,0.0,0.0,0.0,0.11270225048065186,0.008705724030733109
5.96,0.019263856112957,1.103737711906433,-0.000810086727142334,0.0,0.0,0.0,0.1751902848482132,-0.0038074254989624023
5.98,0.018517805263400078,1.0609921216964722,-0.028184503316879272,0.0,0.0,0.0,0.24256733059883118,-0.02300354465842247
6.0,0.018670469522476196,1.0697391033172607,0.012212246656417847,0.0,0.0,0.0,0.12446006387472153,0.0874195471405983
6.0200000000000005,0.01938966102898121,1.110945701599121,0.023831546306610107,0.0,0.0,0.0,0.1469665765762329,-0.07868701219558716
6.04,0.018904030323028564,1.0831211805343628,-0.020818591117858887,0.0,0.0,0.0,0.23376066982746124,-0.11208696663379669
6.0600000000000005,0.018673373386263847,1.0699055194854736,0.01917588710784912,0.0,0.0,0.0,0.2406352311372757,-0.1880931556224823
6.08,0.01824362203478813,1.0452826023101807,-0.0380648672580719,0.0,0.0,0.0,-0.03742774575948715,0.19427785277366638
6.1000000000000005,0.017406344413757324,0.9973101019859314,-0.029630064964294434,0.0,0.0,0.0,-0.055250220000743866,0.1659335494041443
6.12,0.017681511119008064,1.0130759477615356,0.03232157230377197,0.0,0.0,0.0,-0.02969156578183174,0.2046511173248291
6.140000000000001,0.01783658005297184,1.021960735321045,0.020335525274276733,0.0,0.0,0.0,0.1005173772573471,-0.10713635385036469
6.16,0.016756290569901466,0.9600647687911987,-0.06949278712272644,0.0,0.0,0.0,0.2504929304122925,-0.15141278505325317
6.18,0.015392324887216091,0.881915271282196,-0.026730597019195557,0.0,0.0,0.0,0.3178030848503113,-0.08108671009540558
6.2,0.015596671029925346,0.893623411655426,0.042779743671417236,0.0,0.0,0.0,0.17004507780075073,-0.23255160450935364
6.22,0.016348684206604958,0.9367105960845947,0.04058077931404114,0.0,0.0,0.0,0.2033136785030365,0.04558870568871498
6.24,0.015535453334450722,0.8901159167289734,-0.060231566429138184,0.0,0.0,0.0,0.18193620443344116,-0.038973432034254074
6.26,0.01627633161842823,0.9325650930404663,0.02822577953338623,0.0,0.0,0.0,-0.015268281102180481,-0.022707831114530563
6.28,0.01611478440463543,0.9233091473579407,-0.022387176752090454,0.0,0.0,0.0,0.1410948932170868,-0.11708968877792358
6.3,0.015941007062792778,0.9133524298667908,-0.005895525217056274,0.0,0.0,0.0,0.16255968809127808,0.1641843020915985
6.32,0.015529789961874485,0.8897914290428162,-0.014515355229377747,0.0,0.0,0.0,-0.05516950041055679,0.10372006148099899
6.34,0.01508762501180172,0.8644572496414185,-0.03306373953819275,0.0,0.0,0.0,0.04194603115320206,-0.026270905509591103
6.36,0.014417672529816628,0.8260717988014221,-0.01677912473678589,0.0,0.0,0.0,0.18986448645591736,-0.4095344841480255
6.38,0.013479882851243019,0.7723404169082642,-0.05536848306655884,0.0,0.0,0.0,0.17405132949352264,-0.23958131670951843
6.4,0.013784795068204403,0.7898105978965759,0.033885955810546875,0.0,0.0,0.0,0.05443626642227173,-0.21414853632450104
6.42,0.014626593329012394,0.8380420804023743,0.05214649438858032,0.0,0.0,0.0,0.003226935863494873,-0.069899782538414
6.44,0.01492738351225853,0.8552761077880859,-0.01038244366645813,0.0,0.0,0.0,-0.02904055267572403,-0.09091725200414658
6.46,0.013674134388566017,0.7834702134132385,-0.07309865951538086,0.0,0.0,0.0,0.0021434277296066284,0.039027340710163116
6.48,0.013701158575713634,0.7850185632705688,-0.00379103422164917,0.0,0.0,0.0,0.12217041105031967,-0.027027886360883713
6.5,0.013716612011194229,0.7859039902687073,0.002562016248703003,0.0,0.0,0.0,0.11551173031330109,-0.09496517479419708
6.5200000000000005,0.013714105822145939,0.7857604026794434,-0.03843887150287628,0.0,0.0,0.0,-0.006180671975016594,-0.04376404359936714
6.54,0.013286014087498188,0.7612325549125671,-0.03272153437137604,0.0,0.0,0.0,0.08428506553173065,-0.10219305008649826
6.5600000000000005,0.013428831472992897,0.7694153785705566,-0.007252056151628494,0.0,0.0,0.0,-0.14191044867038727,0.18107111752033234
6.58,0.013319886289536953,0.7631732821464539,-0.027095556259155273,0.0,0.0,0.0,0.0009872466325759888,-0.043622568249702454
6.6000000000000005,0.013489712961018085,0.7729036211967468,-0.007072553038597107,0.0,0.0,0.0,0.1152152270078659,-0.04893972724676132
6.62,0.012869675643742085,0.7373781204223633,-0.01503831148147583,0.0,0.0,0.0,0.028988705947995186,0.0633421540260315
6.640000000000001,0.01266076322644949,0.7254083156585693,0.013734132051467896,0.0,0.0,0.0,-0.06288474798202515,0.24015769362449646
6.66,0.012809018604457378,0.7339026927947998,0.011429756879806519,0.0,0.0,0.0,0.1195070818066597,-0.059281934052705765
6.68,0.013293908908963203,0.7616848945617676,-0.00827595591545105,0.0,0.0,0.0,0.16632229089736938,-0.16149304807186127
6.7,0.013593686744570732,0.778860867023468,0.024183005094528198,0.0,0.0,0.0,0.05145858973264694,-0.007589623332023621
6.72,0.013271036557853222,0.7603743672370911,-0.019700363278388977,0.0,0.0,0.0,0.016106322407722473,-0.1291334331035614
6.74,0.01236058585345745,0.7082093954086304,-0.004189938306808472,0.0,0.0,0.0,0.045556385070085526,0.1466473639011383
6.76,0.012648653239011765,0.724714457988739,0.02966812252998352,0.0,0.0,0.0,-0.21444416046142578,0.24656832218170166
6.78,0.013785414397716522,0.7898460626602173,0.06068086624145508,0.0,0.0,0.0,-0.024486824870109558,-0.008541412651538849
6.8,0.014969276264309883,0.8576763868331909,0.05930209159851074,0.0,0.0,0.0,0.1577296406030655,-0.13483485579490662
6.82,0.015555103309452534,0.8912417888641357,-0.0032982826232910156,0.0,0.0,0.0,0.23923948407173157,-0.05939602851867676
6.84,0.015674233436584473,0.8980674147605896,-0.04095587134361267,0.0,0.0,0.0,0.15850137174129486,-0.16438964009284973
6.86,0.015318386256694794,0.8776788711547852,-0.023754119873046875,0.0,0.0,0.0,-0.0006428360939025879,0.05803937464952469
6.88,0.0161947850137949,0.9278928637504578,0.012331128120422363,0.0,0.0,0.0,-0.0707707479596138,0.23485702276229858
6.9,0.016655175015330315,0.9542712569236755,0.013145416975021362,0.0,0.0,0.0,-0.22341254353523254,0.2932116687297821
6.92,0.01584014855325222,0.9075736403465271,-0.026296526193618774,0.0,0.0,0.0,0.047089584171772,0.017038783058524132
6.94,0.015779228881001472,0.904083251953125,-0.006380617618560791,0.0,0.0,0.0,0.1380600780248642,-0.27288565039634705
6.96,0.016939984634518623,0.9705896377563477,0.05919405817985535,0.0,0.0,0.0,0.15020805597305298,-0.15432757139205933
6.98,0.016796672716736794,0.9623784422874451,-0.037819623947143555,0.0,0.0,0.0,0.23412397503852844,-0.2316262125968933
7.0,0.017747465521097183,1.0168548822402954,0.058847010135650635,0.0,0.0,0.0,-0.001273714005947113,-0.022537536919116974
7.0200000000000005,0.01724182814359665,0.987883985042572,0.0014416128396987915,0.0,0.0,0.0,-0.19698289036750793,0.013025283813476562
7.04,0.017414236441254616,0.9977622628211975,0.05100071430206299,0.0,0.0,0.0,-0.10217413306236267,0.13871647417545319
7.0600000000000005,0.017060386016964912,0.977488100528717,0.003965109586715698,0.0,0.0,0.0,0.04640936106443405,-0.04180590808391571
7.08,0.017000313848257065,0.9740462303161621,-0.002012908458709717,0.0,0.0,0.0,0.09069088101387024,-0.19605985283851624
7.1000000000000005,0.015469607897102833,0.886343240737915,-0.06660760939121246,0.0,0.0,0.0,0.06241104006767273,-0.14078088104724884
7.12,0.018305456265807152,1.0488253831863403,0.03860592842102051,0.0,0.0,0.0,0.1717708557844162,-0.090488001704216
7.140000000000001,0.016762560233473778,0.9604239463806152,-0.08323323726654053,0.0,0.0,0.0,0.16671495139598846,0.02700032666325569
7.16,0.017341841012239456,0.9936143159866333,0.03441706299781799,0.0,0.0,0.0,0.05144115164875984,-0.07439129799604416
7.18,0.017544396221637726,1.00521981716156,-0.0305955708026886,0.0,0.0,0.0,0.14829662442207336,-0.14319616556167603
7.2,0.01700565777719021,0.9743524193763733,0.00012526102364063263,0.0,0.0,0.0,0.05797102302312851,0.13084349036216736
7.22,0.015960369259119034,0.9144617915153503,-0.04050866514444351,0.0,0.0,0.0,-0.14998342096805573,0.2501213550567627
7.24,0.015531222335994244,0.8898735046386719,-0.013369947671890259,0.0,0.0,0.0,-0.11312936246395111,0.256878137588501
7.26,0.01642245054244995,0.9409371018409729,0.05009523034095764,0.0,0.0,0.0,-0.044815853238105774,-0.0026840530335903168
7.28,0.016602464020252228,0.9512511491775513,0.009666621685028076,0.0,0.0,0.0,0.11075475811958313,-0.24510598182678223
7.3,0.016265330836176872,0.9319348335266113,-0.02753564715385437,0.0,0.0,0.0,0.2773530185222626,-0.24315747618675232
7.32,0.016022099182009697,0.9179986715316772,-0.014144867658615112,0.0,0.0,0.0,0.12029697000980377,0.02328450232744217
7.34,0.014700639992952347,0.842284619808197,-0.0081978440284729,0.0,0.0,0.0,-0.051231466233730316,0.19098249077796936
7.36,0.015883687883615494,0.9100682735443115,0.08428313583135605,0.0,0.0,0.0,-0.1835547834634781,0.2493695318698883
7.38,0.016133984550833702,0.9244092106819153,0.008835703134536743,0.0,0.0,0.0,-0.17362956702709198,0.23032605648040771
7.4,0.015587096102535725,0.8930748105049133,-0.03491555154323578,0.0,0.0,0.0,0.02564174123108387,-0.04024175927042961
7.42,0.013794918544590473,0.7903906106948853,-0.04623466730117798,0.0,0.0,0.0,0.3018374443054199,-0.26739490032196045
7.44,0.012367847375571728,0.7086254358291626,-0.04545845091342926,0.0,0.0,0.0,0.1792660802602768,-0.10525822639465332
7.46,0.012263125739991665,0.7026253342628479,-0.0005243867635726929,0.0,0.0,0.0,-0.0950009822845459,0.23149988055229187
7.48,0.013091121800243855,0.7500660419464111,0.048955947160720825,0.0,0.0,0.0,0.01658419519662857,0.0821821391582489
7.5,0.013820338994264603,0.7918471097946167,0.06442496180534363,0.0,0.0,0.0,0.0027299877256155014,0.0073096007108688354
7.5200000000000005,0.014332253485918045,0.8211776614189148,0.02339199185371399,0.0,0.0,0.0,0.13233447074890137,-0.21290546655654907
7.54,0.014285040087997913,0.8184725046157837,-0.01198694109916687,0.0,0.0,0.0,0.1439705789089203,-0.25571227073669434
7.5600000000000005,0.012549120001494884,0.7190116047859192,-0.06140097230672836,0.0,0.0,0.0,0.04846269637346268,0.1552746295928955
7.58,0.014070007018744946,0.8061520457267761,0.12312110513448715,0.0,0.0,0.0,-0.2768760621547699,0.4491998553276062
7.6000000000000005,0.01547703891992569,0.8867689967155457,0.02695251815021038,0.0,0.0,0.0,-0.3235514760017395,0.7857491970062256
7.62,0.016315625980496407,0.9348165392875671,0.0074920654296875,0.0,0.0,0.0,-0.05907491594552994,-0.039221350103616714
7.640000000000001,0.016979796811938286,0.9728707075119019,0.016193866729736328,0.0,0.0,0.0,0.1681581288576126,-0.3280216157436371
7.66,0.01668168231844902,0.9557899832725525,-0.01571384072303772,0.0,0.0,0.0,0.2959950268268585,-0.1059388592839241
7.68,0.016140686348080635,0.9247932434082031,0.02738344669342041,0.0,0.0,0.0,0.2629300653934479,0.018362272530794144
7.7,0.016355503350496292,0.9371013045310974,0.026786625385284424,0.0,0.0,0.0,0.22996138036251068,0.022441208362579346
7.72,0.017022375017404556,0.9753102660179138,0.03763839602470398,0.0,0.0,0.0,0.13122306764125824,-0.025415875017642975
7.74,0.01824164018034935,1.0451689958572388,0.08509303629398346,0.0,0.0,0.0,0.019457660615444183,0.041530150920152664
7.76,0.0182099100202322,1.0433510541915894,0.0005408972501754761,0.0,0.0,0.0,0.15885230898857117,-0.03246674686670303
7.78,0.018024349585175514,1.0327191352844238,-0.024889230728149414,0.0,0.0,0.0,0.07054445147514343,0.08490882068872452
7.8,0.01718546822667122,0.9846547842025757,-0.04195750504732132,0.0,0.0,0.0,-0.049532853066921234,0.3498900532722473
7.82,0.0177756454795599,1.0184694528579712,0.09183114767074585,0.0,0.0,0.0,-0.07409356534481049,0.4101368188858032
7.84,0.01799052767455578,1.0307812690734863,0.0020828694105148315,0.0,0.0,0.0,0.007110310718417168,0.2341059148311615
7.86,0.017622055485844612,1.0096694231033325,-0.005452871322631836,0.0,0.0,0.0,0.16673216223716736,-0.017137495800852776
7.88,0.01777363196015358,1.018354058265686,0.009922951459884644,0.0,0.0,0.0,0.13595326244831085,0.002381356433033943
7.9,0.017605194821953773,1.008703351020813,0.003946959972381592,0.0,0.0,0.0,0.21054711937904358,-0.036638323217630386
7.92,0.0169672854244709,0.9721538424491882,-0.033906906843185425,0.0,0.0,0.0,0.22091670334339142,0.020432017743587494
7.94,0.017148807644844055,0.9825543165206909,0.007439896464347839,0.0,0.0,0.0,-0.09761323034763336,0.20176582038402557
7.96,0.01828589476644993,1.0477045774459839,0.04166777431964874,0.0,0.0,0.0,-0.08710937947034836,0.1723482757806778
7.98,0.018673991784453392,1.0699409246444702,0.0064990222454071045,0.0,0.0,0.0,0.05670953914523125,-0.003733113408088684
8.0,0.019788777455687523,1.133813500404358,0.0486847460269928,0.0,0.0,0.0,0.11369866877794266,-0.07320060580968857
8.02,0.018691282719373703,1.0709316730499268,-0.04582276940345764,0.0,0.0,0.0,0.36134961247444153,-0.24226869642734528
8.040000000000001,0.017915816977620125,1.0265007019042969,0.004387766122817993,0.0,0.0,0.0,0.24883240461349487,-0.07481172680854797
8.06,0.017646241933107376,1.0110552310943604,-0.00912177562713623,0.0,0.0,0.0,0.23611825704574585,-0.0165366493165493
8.08,0.016688860952854156,0.9562013149261475,-0.08396725356578827,0.0,0.0,0.0,-0.04497656598687172,0.2287684977054596
8.1,0.01913619041442871,1.0964229106903076,0.18039922416210175,0.0,0.0,0.0,-0.2074260115623474,0.3729170560836792
8.120000000000001,0.019801611080765724,1.1345487833023071,-0.007976427674293518,0.0,0.0,0.0,-0.1142021045088768,0.2125721275806427
8.14,0.01956169493496418,1.1208025217056274,0.023672480136156082,0.0,0.0,0.0,0.016365349292755127,-0.02256093919277191
8.16,0.016274629160761833,0.9324675798416138,-0.18553376197814941,0.0,0.0,0.0,0.4311004877090454,-0.08394688367843628
8.18,0.01481331791728735,0.8487405776977539,0.006641268730163574,0.0,0.0,0.0,0.0385943204164505,0.03675474226474762
8.2,0.01433967612683773,0.8216029405593872,0.006518185138702393,0.0,0.0,0.0,0.3060310482978821,-0.049171581864356995
8.22,0.014502129517495632,0.8309108018875122,0.035212039947509766,0.0,0.0,0.0,0.12300282716751099,-0.015296854078769684
8.24,0.015192518010735512,0.8704671859741211,0.028821349143981934,0.0,0.0,0.0,-0.03394627571105957,-0.024073243141174316
8.26,0.013590428978204727,0.7786742448806763,-0.08642799407243729,0.0,0.0,0.0,0.04680602252483368,0.15680286288261414
8.28,0.014171360060572624,0.8119591474533081,0.04406505823135376,0.0,0.0,0.0,-0.12173371016979218,0.12069424241781235
8.3,0.014455973170697689,0.8282662630081177,0.022995412349700928,0.0,0.0,0.0,0.018983058631420135,-0.05700056627392769
8.32,0.014408937655389309,0.8255712985992432,0.009592682123184204,0.0,0.0,0.0,0.14262449741363525,-0.14917024970054626
8.34,0.01361157838255167,0.77988600730896,-0.020211081951856613,0.0,0.0,0.0,0.03207378834486008,0.08944548666477203
8.36,0.013158069923520088,0.7539018988609314,-0.013273894786834717,0.0,0.0,0.0,0.002124086022377014,0.17563576996326447
8.38,0.013684464618563652,0.7840620875358582,0.08088767528533936,0.0,0.0,0.0,-0.027188189327716827,0.2514517605304718
8.4,0.014497623778879642,0.83065265417099,0.01940634846687317,0.0,0.0,0.0,-0.0025868224911391735,0.16016924381256104
8.42,0.014739682897925377,0.8445216417312622,0.0070465803146362305,0.0,0.0,0.0,0.1525958925485611,-0.10816845297813416
8.44,0.013954021967947483,0.7995066046714783,-0.019202977418899536,0.0,0.0,0.0,0.2790411114692688,-0.07569578289985657
8.46,0.013220376335084438,0.7574717998504639,-0.03445422649383545,0.0,0.0,0.0,0.10440518707036972,0.03450661897659302
8.48,0.013207792304456234,0.756750762462616,-0.011965528130531311,0.0,0.0,0.0,-0.19697514176368713,0.31791743636131287
8.5,0.0135611267760396,0.7769953608512878,0.011345140635967255,0.0,0.0,0.0,-0.2854801416397095,0.5200880169868469
8.52,0.014971520751714706,0.8578049540519714,0.08228665590286255,0.0,0.0,0.0,0.016875799745321274,0.0040628910064697266
8.540000000000001,0.014726686291396618,0.8437770009040833,-0.02094574272632599,0.0,0.0,0.0,0.1583399772644043,-0.07996702194213867
8.56,0.014599449932575226,0.8364868760108948,-0.002110276371240616,0.0,0.0,0.0,0.008524473756551743,0.11762427538633347
8.58,0.0139618506655097,0.7999551296234131,-0.04653337970376015,0.0,0.0,0.0,0.1052093356847763,0.16536295413970947
8.6,0.015270241536200047,0.8749204277992249,0.08160781860351562,0.0,0.0,0.0,-0.00038001686334609985,0.1902320235967636
8.620000000000001,0.017899131402373314,1.0255446434020996,0.13264982402324677,0.0,0.0,0.0,-0.16778656840324402,0.21294109523296356
8.64,0.01910412311553955,1.094585657119751,0.012439191341400146,0.0,0.0,0.0,-0.04576506465673447,0.0017956122756004333
8.66,0.0192633718252182,1.1037099361419678,0.016104236245155334,0.0,0.0,0.0,0.13682517409324646,-0.19701236486434937
8.68,0.01845100149512291,1.0571645498275757,-0.0424535870552063,0.0,0.0,0.0,0.32929515838623047,-0.18421071767807007
8.700000000000001,0.01649482734501362,0.9450839757919312,-0.056334443390369415,0.0,0.0,0.0,0.2161017656326294,0.0331035852432251
8.72,0.01600896194577217,0.9172459840774536,0.02756372280418873,0.0,0.0,0.0,-0.1281457543373108,0.5977456569671631
8.74,0.017800647765398026,1.019901990890503,0.0956345796585083,0.0,0.0,0.0,-0.18659906089305878,0.4742121398448944
8.76,0.01938326470553875,1.110579252243042,0.03972601890563965,0.0,0.0,0.0,-0.15322048962116241,0.33772438764572144
8.78,0.020023733377456665,1.147275447845459,-0.021720662713050842,0.0,0.0,0.0,-0.025453981012105942,0.15777400135993958
8.8,0.020194251090288162,1.1570453643798828,-0.004092395305633545,0.0,0.0,0.0,0.18471519649028778,-0.2572380304336548
8.82,0.018514633178710938,1.0608103275299072,-0.03767465800046921,0.0,0.0,0.0,0.309496134519577,-0.03833652287721634
8.84,0.018110642209649086,1.0376633405685425,0.03204059600830078,0.0,0.0,0.0,0.16511321067810059,0.12304103374481201
8.86,0.01863906718790531,1.0679398775100708,0.05056700110435486,0.0,0.0,0.0,-0.03369581699371338,0.23904980719089508
8.88,0.019369425252079964,1.1097862720489502,0.04032544791698456,0.0,0.0,0.0,-0.25427332520484924,0.24463315308094025
8.9,0.0188091192394495,1.0776832103729248,-0.0450679287314415,0.0,0.0,0.0,-0.04735322296619415,0.21686987578868866
8.92,0.018354080617427826,1.0516114234924316,-0.023123743012547493,0.0,0.0,0.0,0.007021602243185043,0.1098354235291481
8.94,0.017479078844189644,1.0014774799346924,-0.04279451072216034,0.0,0.0,0.0,0.022140510380268097,0.08859838545322418
8.96,0.016770560294389725,0.9608823657035828,-0.0021734237670898438,0.0,0.0,0.0,0.043618325144052505,0.12773551046848297
8.98,0.01657337322831154,0.9495843648910522,0.006846830248832703,0.0,0.0,0.0,0.02275177836418152,0.07350637018680573
9.0,0.017780564725399017,1.0187513828277588,0.04209710657596588,0.0,0.0,0.0,-0.01713842898607254,0.02702602930366993
9.02,0.01837572455406189,1.0528514385223389,-0.009535938501358032,0.0,0.0,0.0,0.003970541059970856,-0.04172016307711601
9.040000000000001,0.017630554735660553,1.0101563930511475,-0.09593600034713745,0.0,0.0,0.0,0.10093796253204346,0.05211947485804558
9.06,0.017809463664889336,1.0204070806503296,0.03797593712806702,0.0,0.0,0.0,0.05003224313259125,0.03475569933652878
9.08,0.01851538196206093,1.0608532428741455,0.030917629599571228,0.0,0.0,0.0,-0.09977206587791443,0.15939471125602722
9.1,0.01915900595486164,1.0977301597595215,0.04810857027769089,0.0,0.0,0.0,-0.140825092792511,0.1090497151017189
9.120000000000001,0.02047966979444027,1.1733986139297485,0.04266877472400665,0.0,0.0,0.0,-0.06777304410934448,0.14696194231510162
9.14,0.019982583820819855,1.1449177265167236,-0.04007215052843094,0.0,0.0,0.0,0.06478054076433182,0.0377594530582428
9.16,0.018684569746255875,1.0705469846725464,-0.08207480609416962,0.0,0.0,0.0,0.046881645917892456,0.17900221049785614
9.18,0.018193703144788742,1.0424224138259888,-0.0015406403690576553,0.0,0.0,0.0,-0.10623998939990997,0.3054628372192383
9.200000000000001,0.018372587859630585,1.0526717901229858,0.0010954290628433228,0.0,0.0,0.0,0.026333458721637726,0.19524037837982178
9.22,0.0181550495326519,1.0402077436447144,-0.01626025140285492,0.0,0.0,0.0,-0.004766322672367096,0.029583856463432312
9.24,0.016245609149336815,0.9308048486709595,-0.07889168709516525,0.0,0.0,0.0,0.012427762150764465,0.13488641381263733
9.26,0.014883426018059254,0.8527575135231018,-0.03522701561450958,0.0,0.0,0.0,-0.1268216371536255,0.2879668176174164
9.28,0.014618659391999245,0.8375874757766724,-0.0016444027423858643,0.0,0.0,0.0,-0.18042594194412231,0.3938862979412079
9.3,0.013562723062932491,0.7770867943763733,-0.03814622014760971,0.0,0.0,0.0,-0.16015058755874634,0.32700082659721375
9.32,0.013774987310171127,0.7892486453056335,-0.008934758603572845,0.0,0.0,0.0,-0.0405997671186924,0.19736842811107635
9.34,0.013812501914799213,0.7913980484008789,0.01937050372362137,0.0,0.0,0.0,0.10081709921360016,0.1487850844860077
9.36,0.014112165197730064,0.8085675239562988,0.022359460592269897,0.0,0.0,0.0,0.04320685938000679,-0.05401384085416794
9.38,0.014125834219157696,0.8093506693840027,-0.022732198238372803,0.0,0.0,0.0,0.1496010571718216,0.014405399560928345
9.4,0.014314848929643631,0.8201804161071777,0.010006159543991089,0.0,0.0,0.0,0.27764785289764404,-0.10227248072624207
9.42,0.014089101925492287,0.8072460889816284,0.04241269826889038,0.0,0.0,0.0,0.004381038248538971,0.05416284501552582
9.44,0.014443857595324516,0.8275721073150635,0.024276316165924072,0.0,0.0,0.0,-0.18198849260807037,0.3618234395980835
9.46,0.014362306334078312,0.8228995203971863,-0.0003744363784790039,0.0,0.0,0.0,-0.10083191096782684,0.1913401484489441
9.48,0.014218909665942192,0.8146834969520569,0.021105870604515076,0.0,0.0,0.0,0.09915286302566528,0.05278617888689041
9.5,0.014090564101934433,0.8073298931121826,0.000984102487564087,0.0,0.0,0.0,0.10537894815206528,-0.07876212894916534
9.52,0.014580778777599335,0.8354170918464661,0.04911813139915466,0.0,0.0,0.0,0.0069876015186309814,0.1392022967338562
9.540000000000001,0.015904156491160393,0.9112410545349121,0.058396995067596436,0.0,0.0,0.0,0.1437506079673767,-0.11924539506435394
9.56,0.01728278398513794,0.9902306199073792,0.06689134240150452,0.0,0.0,0.0,0.1200258731842041,-0.012596428394317627
9.58,0.016222335398197174,0.9294713735580444,-0.04245893657207489,0.0,0.0,0.0,0.5087893605232239,-0.08837131410837173
9.6,0.015909437090158463,0.911543607711792,0.009886577725410461,0.0,0.0,0.0,0.04107175022363663,0.3256527781486511
9.620000000000001,0.01784413494169712,1.0223935842514038,0.14160355925559998,0.0,0.0,0.0,-0.04903973266482353,0.2993088960647583
9.64,0.019429031759500504,1.1132014989852905,0.08831137418746948,0.0,0.0,0.0,-0.054346926510334015,0.11278118193149567
9.66,0.018422897905111313,1.0555542707443237,-0.11690284311771393,0.0,0.0,0.0,-0.08785998076200485,0.24151691794395447
9.68,0.016827603802084923,0.9641506671905518,-0.10929325222969055,0.0,0.0,0.0,0.22231031954288483,0.07153671979904175
9.700000000000001,0.016048215329647064,0.9194950461387634,-0.019100815057754517,0.0,0.0,0.0,0.2811402380466461,0.024005062878131866
9.72,0.016404183581471443,0.9398905038833618,0.042289406061172485,0.0,0.0,0.0,0.13474257290363312,-0.06392635405063629
9.74,0.016337228938937187,0.9360542893409729,-0.0004175901412963867,0.0,0.0,0.0,0.08020909130573273,0.1127699613571167
9.76,0.01599457673728466,0.9164217710494995,-0.0050750672817230225,0.0,0.0,0.0,0.0032593943178653717,0.13792556524276733
9.78,0.016110237687826157,0.9230486154556274,-0.0035493075847625732,0.0,0.0,0.0,0.09379333257675171,0.0012574084103107452
9.8,0.016395097598433495,0.9393699169158936,0.030258923768997192,0.0,0.0,0.0,0.15275675058364868,-0.1556987166404724
9.82,0.01699373498558998,0.9736692905426025,0.06851357221603394,0.0,0.0,0.0,0.11253426223993301,-0.0007400698959827423
9.84,0.016726452857255936,0.958355188369751,-0.010242193937301636,0.0,0.0,0.0,0.31895503401756287,0.03357639163732529
9.86,0.015947751700878143,0.9137388467788696,-0.036520570516586304,0.0,0.0,0.0,0.12953320145606995,0.18349260091781616
9.88,0.016942428424954414,0.970729649066925,0.0611560195684433,0.0,0.0,0.0,-0.11080900579690933,0.43762803077697754
9.9,0.018332595005631447,1.0503803491592407,0.08696851134300232,0.0,0.0,0.0,0.06401138752698898,0.0203026682138443
9.92,0.019014371559023857,1.0894432067871094,0.038709044456481934,0.0,0.0,0.0,0.11868365108966827,-0.037905432283878326
9.94,0.017755793407559395,1.0173320770263672,-0.1008078008890152,0.0,0.0,0.0,0.20168522000312805,0.05568356812000275
9.96,0.017533674836158752,1.0046055316925049,-0.0012667179107666016,0.0,0.0,0.0,0.07853657007217407,0.20008905231952667
9.98,0.01928613893687725,1.1050143241882324,0.18492422997951508,0.0,0.0,0.0,-0.0021431036293506622,0.19302672147750854
10.0,0.020382938906550407,1.1678563356399536,0.04758289456367493,0.0,0.0,0.0,0.06537839770317078,0.08281945437192917
10.02,0.020124265924096107,1.1530355215072632,-0.0007661283016204834,0.0,0.0,0.0,0.33503928780555725,-0.1211068332195282
10.040000000000001,0.01828634925186634,1.0477306842803955,-0.12284022569656372,0.0,0.0,0.0,0.3405369818210602,-0.07189379632472992
10.06,0.0186134222894907,1.0664705038070679,0.07648888230323792,0.0,0.0,0.0,0.041869163513183594,0.018383368849754333
10.08,0.01893552951514721,1.084925889968872,-0.00825655460357666,0.0,0.0,0.0,0.09392628073692322,0.09827321767807007
10.1,0.018832849338650703,1.0790427923202515,-0.003972485661506653,0.0,0.0,0.0,-0.05243253707885742,0.2120341658592224
10.120000000000001,0.018770016729831696,1.0754427909851074,0.010815650224685669,0.0,0.0,0.0,0.060089386999607086,-0.051312774419784546
10.14,0.018756162375211716,1.0746489763259888,0.007295042276382446,0.0,0.0,0.0,0.15867626667022705,-0.1512189507484436
10.16,0.018982477486133575,1.0876158475875854,0.010894522070884705,0.0,0.0,0.0,0.04969662427902222,0.09837131202220917
10.18,0.018821582198143005,1.078397274017334,-0.010273262858390808,0.0,0.0,0.0,0.17119848728179932,0.05068583786487579
10.200000000000001,0.019094020128250122,1.0940067768096924,0.010286929085850716,0.0,0.0,0.0,-0.09812089800834656,0.2540616989135742
10.22,0.019777903333306313,1.133190393447876,0.06638060510158539,0.0,0.0,0.0,-0.10424122214317322,0.2600971460342407
10.24,0.019731031730771065,1.130504846572876,-0.003681555390357971,0.0,0.0,0.0,0.1407962143421173,0.0937352254986763
10.26,0.01878306269645691,1.0761902332305908,-0.07126328349113464,0.0,0.0,0.0,0.15965256094932556,-0.001159951090812683
10.28,0.01819213479757309,1.0423325300216675,-0.014506906270980835,0.0,0.0,0.0,0.050923172384500504,0.11848440021276474
10.3,0.0175863616168499,1.0076242685317993,-0.03504592180252075,0.0,0.0,0.0,0.14959681034088135,-0.040381625294685364
10.32,0.017749270424246788,1.0169583559036255,0.00528988242149353,0.0,0.0,0.0,0.10841061919927597,0.03697574511170387
10.34,0.0182185135781765,1.0438439846038818,0.005840301513671875,0.0,0.0,0.0,0.011409439146518707,0.03170629218220711
10.36,0.018910003826022148,1.083463430404663,0.011342108249664307,0.0,0.0,0.0,0.11375846713781357,-0.14665701985359192
10.38,0.0193837508559227,1.1106071472167969,-0.0023307204246520996,0.0,0.0,0.0,0.03560902178287506,0.005604948848485947
10.4,0.019216252490878105,1.1010102033615112,-0.01837240904569626,0.0,0.0,0.0,0.007653966546058655,0.08271738886833191
10.42,0.019117116928100586,1.0953301191329956,-0.018941432237625122,0.0,0.0,0.0,-0.1487235128879547,0.27744370698928833
10.44,0.0190898310393095,1.0937668085098267,0.01075834035873413,0.0,0.0,0.0,-0.04732158035039902,0.2368129938840866
10.46,0.0190272256731987,1.090179681777954,0.0020377933979034424,0.0,0.0,0.0,0.10367023944854736,-0.20991240441799164
10.48,0.018260834738612175,1.0462688207626343,-0.017367541790008545,0.0,0.0,0.0,0.09935161471366882,-0.10905997455120087
10.5,0.01761099509894848,1.0090357065200806,-0.008939668536186218,0.0,0.0,0.0,0.10288742184638977,0.010529555380344391
10.52,0.0168438870459795,0.965083658695221,-0.045547232031822205,0.0,0.0,0.0,-0.025926150381565094,0.030560791492462158
10.540000000000001,0.016078973188996315,0.9212573170661926,-0.03903217613697052,0.0,0.0,0.0,-0.11481013894081116,0.06537440419197083
10.56,0.016209358349442482,0.9287278056144714,-0.006335049867630005,0.0,0.0,0.0,-0.034787654876708984,0.1201692670583725
10.58,0.016583217307925224,0.950148344039917,0.006156057119369507,0.0,0.0,0.0,0.11035102605819702,-0.1366405189037323
10.6,0.01603560522198677,0.9187725186347961,-0.01572282612323761,0.0,0.0,0.0,0.20009593665599823,-0.04504726827144623
10.620000000000001,0.0160602368414402,0.9201837778091431,0.014796093106269836,0.0,0.0,0.0,0.17505301535129547,-0.04273408651351929
10.64,0.01606818474829197,0.920639157295227,-0.01531003788113594,0.0,0.0,0.0,0.007507503032684326,0.10041911154985428
10.66,0.016131315380334854,0.9242563247680664,-0.006511911749839783,0.0,0.0,0.0,-0.07479667663574219,0.23087942600250244
10.68,0.015523900277912617,0.8894540071487427,-0.049933061003685,0.0,0.0,0.0,0.14334650337696075,-0.04690676927566528
10.700000000000001,0.015257732011377811,0.8742036819458008,-0.012581445276737213,0.0,0.0,0.0,-0.049353402107954025,0.2362952083349228
10.72,0.014152148738503456,0.810858428478241,-0.07624146342277527,0.0,0.0,0.0,0.11724330484867096,0.0679478570818901
10.74,0.014398347586393356,0.8249645829200745,-0.0068396031856536865,0.0,0.0,0.0,0.05706128478050232,-0.14316809177398682
10.76,0.014387031085789204,0.824316143989563,0.004445120692253113,0.0,0.0,0.0,0.06436382234096527,-0.04232204332947731
10.78,0.014515752904117107,0.8316913843154907,0.0037779510021209717,0.0,0.0,0.0,0.10126310586929321,0.06187978759407997
10.8,0.013521045446395874,0.7746988534927368,-0.047614216804504395,0.0,0.0,0.0,0.17217999696731567,0.11586092412471771
10.82,0.015234407968819141,0.8728672862052917,0.15089517831802368,0.0,0.0,0.0,-0.14886866509914398,0.35593318939208984
10.84,0.01655641384422779,0.948612630367279,0.02474282681941986,0.0,0.0,0.0,-0.078657366335392,0.24713294208049774
10.86,0.016936542466282845,0.9703924059867859,0.01755426451563835,0.0,0.0,0.0,-0.02203758805990219,0.05752968788146973
10.88,0.016723699867725372,0.9581974148750305,-0.01832243800163269,0.0,0.0,0.0,0.17666347324848175,-0.10718712210655212
10.9,0.016218338161706924,0.9292423129081726,-0.017070606350898743,0.0,0.0,0.0,0.19958186149597168,-0.05578472465276718
10.92,0.015676597133278847,0.8982028365135193,-0.02104984223842621,0.0,0.0,0.0,0.1455918848514557,0.03899623453617096
10.94,0.01582915522158146,0.9069437980651855,-0.021254554390907288,0.0,0.0,0.0,-0.07050513476133347,0.1969497948884964
10.96,0.01638808473944664,0.9389681220054626,0.0044921934604644775,0.0,0.0,0.0,-0.14247466623783112,0.12791681289672852
10.98,0.01716928370296955,0.9837275147438049,0.014619141817092896,0.0,0.0,0.0,-0.007862888276576996,-0.05676640570163727
11.0,0.016818536445498466,0.9636311531066895,-0.027522146701812744,0.0,0.0,0.0,0.16525955498218536,-0.024068351835012436
11.02,0.015851130709052086,0.9082028865814209,-0.041465699672698975,0.0,0.0,0.0,0.15115965902805328,-0.010610945522785187
11.040000000000001,0.01516600139439106,0.8689478635787964,-0.035880714654922485,0.0,0.0,0.0,-0.05837784707546234,0.1898980736732483
11.06,0.01563934050500393,0.8960682153701782,0.04383600503206253,0.0,0.0,0.0,-0.03771696984767914,0.12506040930747986
11.08,0.016317889094352722,0.9349461793899536,0.016532450914382935,0.0,0.0,0.0,0.020551243796944618,0.15148264169692993
11.1,0.01589353196322918,0.910632312297821,-0.015971004962921143,0.0,0.0,0.0,0.16583406925201416,-0.03893893212080002
11.120000000000001,0.014477932825684547,0.8295244574546814,-0.09606713056564331,0.0,0.0,0.0,0.13845257461071014,0.002597421407699585
11.14,0.015041251666843891,0.8618002533912659,0.07933447510004044,0.0,0.0,0.0,-0.029776036739349365,0.2673817574977875
11.16,0.016181733459234238,0.9271450638771057,0.01490524411201477,0.0,0.0,0.0,0.10646114498376846,-0.02583439089357853
11.18,0.017334941774606705,0.9932190179824829,0.034526512026786804,0.0,0.0,0.0,-0.00516800582408905,0.009464681148529053
11.200000000000001,0.017404232174158096,0.9971890449523926,0.009078621864318848,0.0,0.0,0.0,0.18760718405246735,-0.09046977758407593
11.22,0.01713601127266884,0.9818211197853088,-0.0037758275866508484,0.0,0.0,0.0,0.25614848732948303,0.010234728455543518
11.24,0.018291080370545387,1.048001766204834,0.06383401155471802,0.0,0.0,0.0,-0.20094776153564453,0.3497731685638428
11.26,0.019426757469773293,1.1130712032318115,0.039043232798576355,0.0,0.0,0.0,-0.26786619424819946,0.39166128635406494
11.28,0.020741038024425507,1.1883739233016968,0.04448646306991577,0.0,0.0,0.0,-0.26393991708755493,0.4187864065170288
11.3,0.02040482498705387,1.1691104173660278,-0.025791063904762268,0.0,0.0,0.0,-0.10086756944656372,0.11797098815441132
11.32,0.01875651814043522,1.074669361114502,-0.0696023479104042,0.0,0.0,0.0,-0.04058712720870972,0.09581217914819717
11.34,0.01762867346405983,1.0100486278533936,0.007445264607667923,0.0,0.0,0.0,0.03546586632728577,0.27791446447372437
11.36,0.01674830913543701,0.9596074223518372,0.007943227887153625,0.0,0.0,0.0,-0.1767657995223999,0.3340405225753784
11.38,0.01709931530058384,0.9797186255455017,0.020363345742225647,0.0,0.0,0.0,-0.3750240206718445,0.47891560196876526
11.4,0.018560511991381645,1.0634390115737915,0.05052383989095688,0.0,0.0,0.0,-0.061751753091812134,0.23548254370689392
11.42,0.02014192007482052,1.1540470123291016,0.04965853691101074,0.0,0.0,0.0,-0.06157028675079346,0.2337217628955841
11.44,0.01958407275378704,1.1220847368240356,-0.025380700826644897,0.0,0.0,0.0,-0.10485866665840149,0.24934595823287964
11.46,0.017949530854821205,1.0284323692321777,-0.028315484523773193,0.0,0.0,0.0,-0.0794173926115036,0.2944450080394745
11.48,0.018101245164871216,1.0371249914169312,0.025715500116348267,0.0,0.0,0.0,-0.1419721245765686,0.529086172580719
11.5,0.018289251253008842,1.0478968620300293,0.027615070343017578,0.0,0.0,0.0,-0.11183040589094162,0.43867939710617065
11.52,0.01717809960246086,0.9842326045036316,-0.054104357957839966,0.0,0.0,0.0,-0.12542447447776794,0.267448365688324
11.540000000000001,0.01703929528594017,0.9762797355651855,0.01287943497300148,0.0,0.0,0.0,-0.055687665939331055,0.6069422960281372
11.56,0.018404655158519745,1.0545090436935425,0.0108308345079422,0.0,0.0,0.0,-0.0318322591483593,0.3051427900791168
11.58,0.024524331092834473,1.4051406383514404,0.007181569933891296,0.0,0.0,0.0,0.18180882930755615,0.03657696396112442
11.6,0.024991316720843315,1.4318970441818237,-0.11158819496631622,0.0,0.0,0.0,0.09134417772293091,0.22223100066184998
11.620000000000001,0.02282530628144741,1.3077937364578247,-0.09730373322963715,0.0,0.0,0.0,-0.07519786059856415,0.4012189507484436
11.64,0.021395547315478325,1.2258745431900024,-0.0937548577785492,0.0,0.0,0.0,-0.18045274913311005,0.25080031156539917
11.66,0.021557169035077095,1.2351348400115967,0.0345490463078022,0.0,0.0,0.0,-0.13197031617164612,0.24834151566028595
11.68,0.02113966830074787,1.2112138271331787,-0.0290660560131073,0.0,0.0,0.0,0.0018951036036014557,0.13120576739311218
11.700000000000001,0.020502306520938873,1.174695611000061,-0.06007051467895508,0.0,0.0,0.0,0.028363242745399475,-0.06661520153284073
11.72,0.0182791855186224,1.0473202466964722,-0.10060492157936096,0.0,0.0,0.0,0.3272089958190918,-0.30716344714164734
11.74,0.01679450459778309,0.9622542262077332,-0.027909040451049805,0.0,0.0,0.0,0.1254778802394867,-0.12693434953689575
11.76,0.015584335662424564,0.8929166793823242,-0.01412290334701538,0.0,0.0,0.0,0.08676257729530334,-0.10256252437829971
11.78,0.01472587138414383,0.8437302708625793,-0.027332276105880737,0.0,0.0,0.0,-0.11549413204193115,0.10828819870948792
11.8,0.014858902432024479,0.8513523936271667,0.0006878674030303955,0.0,0.0,0.0,-0.2568332254886627,0.4225771129131317
11.82,0.016483739018440247,0.944448709487915,0.11513963341712952,0.0,0.0,0.0,-0.05277150124311447,0.14238721132278442
11.84,0.016080358996987343,0.9213367104530334,-0.04800839722156525,0.0,0.0,0.0,0.1917515993118286,-0.003370329737663269
11.86,0.01563900150358677,0.8960487842559814,-0.012343987822532654,0.0,0.0,0.0,0.15011759102344513,-0.0315190814435482
11.88,0.015095056034624577,0.8648830056190491,-0.007931917905807495,0.0,0.0,0.0,0.31142041087150574,-0.11832848191261292
11.9,0.0156887024641037,0.8988964557647705,0.10852207243442535,0.0,0.0,0.0,0.0053762346506118774,0.058072496205568314
11.92,0.01740584895014763,0.9972816705703735,0.11981746554374695,0.0,0.0,0.0,0.028240587562322617,0.18877287209033966
11.94,0.018323887139558792,1.0498814582824707,0.02894718199968338,0.0,0.0,0.0,-0.05781431123614311,0.25381261110305786
11.96,0.01832040399312973,1.0496817827224731,-0.009172603487968445,0.0,0.0,0.0,0.016276365146040916,0.2663649320602417
11.98,0.019693942740559578,1.1283798217773438,0.12636226415634155,0.0,0.0,0.0,0.1690647304058075,-0.11523136496543884
