model_name,shift_set,trial_idx,time_s,pitch_deg,pitch_rate_rad_s,roll_deg,roll_rate_rad_s
DR,low_friction,0.0,0.0,-2.7346742153167725,-0.2711855173110962,-4.703690528869629,7.580776214599609
DR,low_friction,0.0,0.02,-2.5423901081085205,0.47763776779174805,-5.691891670227051,9.945876121520996
DR,low_friction,0.0,0.04,-2.3733792304992676,-0.4003455638885498,-6.862954616546631,8.616838455200195
DR,low_friction,0.0,0.06,-2.278069496154785,0.11341166496276855,-6.730639457702637,7.863936424255371
DR,low_friction,0.0,0.08,-2.86344838142395,-1.0130633115768433,-6.124712944030762,7.575716972351074
DR,low_friction,0.0,0.1,-2.5530145168304443,1.0434072017669678,-5.019880294799805,7.57451057434082
DR,low_friction,0.0,0.12,-1.821160078048706,0.1857144832611084,-6.332090377807617,10.1678466796875
DR,low_friction,0.0,0.14,-1.8204575777053833,0.53424072265625,-5.805988311767578,8.392599105834961
DR,low_friction,0.0,0.16,-1.6882659196853638,0.06676363945007324,-7.424196243286133,9.98132038116455
DR,low_friction,0.0,0.18,-1.1356433629989624,-0.5112214088439941,-5.348923683166504,9.788625717163086
DR,low_friction,0.0,0.2,-1.3409347534179688,-0.84776771068573,-5.2974629402160645,7.931722640991211
DR,low_friction,0.0,0.22,-1.5106475353240967,-0.8913644552230835,-5.372888088226318,7.895415306091309
DR,low_friction,0.0,0.24,-1.493157982826233,-0.6671011447906494,-4.534849166870117,7.77385139465332
DR,low_friction,0.0,0.26,-1.780070185661316,0.4404177665710449,-5.868946075439453,7.881860733032227
DR,low_friction,0.0,0.28,-1.6585348844528198,0.25060176849365234,-8.00428295135498,10.334750175476074
DR,low_friction,0.0,0.3,-1.3319741487503052,0.13446521759033203,-8.574259757995605,9.568731307983398
DR,low_friction,0.0,0.32,-1.2246074676513672,0.15942740440368652,-6.703813552856445,6.950052261352539
DR,low_friction,0.0,0.34,-1.5437679290771484,-0.06937956809997559,-4.836264133453369,7.762787342071533
DR,low_friction,0.0,0.36,-1.6727535724639893,0.5160138607025146,-4.903117656707764,7.732287406921387
DR,low_friction,0.0,0.38,-1.0632673501968384,0.4289822578430176,-6.46299934387207,7.143651962280273
DR,low_friction,0.0,0.4,-1.0951727628707886,-0.01805734634399414,-5.8400115966796875,8.320688247680664
DR,low_friction,0.0,0.42,-0.9637484550476074,0.3950028419494629,-6.664300441741943,7.915705680847168
DR,low_friction,0.0,0.44,-1.1734830141067505,-0.2114238739013672,-7.31889009475708,8.606049537658691
DR,low_friction,0.0,0.46,-0.44866594672203064,1.258321762084961,-8.165907859802246,8.501805305480957
DR,low_friction,0.0,0.48,-0.44963183999061584,-0.7084331512451172,-6.033326625823975,8.165604591369629
DR,low_friction,0.0,0.5,-0.5222151279449463,-0.7438187599182129,-3.690826892852783,9.635584831237793
DR,low_friction,0.0,0.52,-0.6513103246688843,0.44342994689941406,-5.994592189788818,8.190994262695312
DR,low_friction,0.0,0.54,-0.40987855195999146,-0.29561805725097656,-7.102090835571289,8.263540267944336
DR,low_friction,0.0,0.56,-0.4343187212944031,-0.4771444797515869,-7.317753791809082,6.440016746520996
DR,low_friction,0.0,0.58,-1.6357742547988892,-1.0137529373168945,-7.213252544403076,8.486093521118164
DR,low_friction,0.0,0.6,-1.952152132987976,0.17276668548583984,-6.10076379776001,9.416059494018555
DR,low_friction,0.0,0.62,-1.5775532722473145,0.5037937164306641,-6.958765983581543,6.911718368530273
DR,low_friction,0.0,0.64,-1.2540110349655151,-0.33415985107421875,-6.848665714263916,7.387599945068359
DR,low_friction,0.0,0.66,-1.4248905181884766,-0.06447935104370117,-5.129103660583496,8.701210021972656
DR,low_friction,0.0,0.68,-1.915055751800537,-1.210580825805664,-5.742223262786865,9.186660766601562
DR,low_friction,0.0,0.7000000000000001,-1.8062875270843506,-0.37439918518066406,-4.383820533752441,8.316203117370605
DR,low_friction,0.0,0.72,-1.7870153188705444,-0.12161779403686523,-3.9741175174713135,8.885215759277344
DR,low_friction,0.0,0.74,-1.6465342044830322,-0.07479095458984375,-5.530277252197266,8.621492385864258
DR,low_friction,0.0,0.76,-1.4547412395477295,0.3271064758300781,-7.804666042327881,10.159662246704102
DR,low_friction,0.0,0.78,-1.265903115272522,-1.322436809539795,-7.520713806152344,9.133037567138672
DR,low_friction,0.0,0.8,-1.643066167831421,0.01830148696899414,-4.456698417663574,8.853901863098145
DR,low_friction,0.0,0.8200000000000001,-1.194520354270935,0.4594097137451172,-7.018728733062744,10.733377456665039
DR,low_friction,0.0,0.84,-1.212457299232483,-0.29410457611083984,-7.045739650726318,8.692140579223633
DR,low_friction,0.0,0.86,-0.9069210886955261,0.5555086135864258,-7.000306129455566,6.47028923034668
DR,low_friction,0.0,0.88,-0.7865968346595764,0.1638021469116211,-7.0590362548828125,7.185829162597656
DR,low_friction,0.0,0.9,-0.6577854752540588,-0.6442961692810059,-6.229781627655029,9.138446807861328
DR,low_friction,0.0,0.92,-0.5336381793022156,0.035010337829589844,-3.978473424911499,7.1993818283081055
DR,low_friction,0.0,0.9400000000000001,-1.3556241989135742,-1.1624116897583008,-4.56472635269165,7.004129409790039
DR,low_friction,0.0,0.96,-1.5050480365753174,0.4224977493286133,-4.240597724914551,9.375529289245605
DR,low_friction,0.0,0.98,-1.1040008068084717,-0.6917243003845215,-7.376836776733398,9.084994316101074
DR,low_friction,0.0,1.0,-1.1484503746032715,-0.5373854637145996,-5.674879550933838,8.293128967285156
DR,low_friction,0.0,1.02,-1.725974202156067,-0.0070343017578125,-7.017845630645752,6.657419681549072
DR,low_friction,0.0,1.04,-2.5441222190856934,-0.7086615562438965,-5.155681610107422,7.252427577972412
DR,low_friction,0.0,1.06,-3.0079030990600586,-0.6374578475952148,-4.586507320404053,6.104918003082275
DR,low_friction,0.0,1.08,-2.255960702896118,0.30849647521972656,-5.122390270233154,7.642744541168213
DR,low_friction,0.0,1.1,-1.461348056793213,0.39754676818847656,-5.042449474334717,10.061087608337402
DR,low_friction,0.0,1.12,-1.1834180355072021,-0.05904388427734375,-5.618398189544678,8.490431785583496
DR,low_friction,0.0,1.1400000000000001,-1.1938444375991821,-0.2466878890991211,-6.616326332092285,5.860591411590576
DR,low_friction,0.0,1.16,-1.8351352214813232,0.018895626068115234,-4.683868885040283,6.938692092895508
DR,low_friction,0.0,1.18,-1.4207637310028076,0.5556812286376953,-5.963781833648682,8.285951614379883
DR,low_friction,0.0,1.2,-1.426579236984253,0.32408714294433594,-7.175760746002197,8.763734817504883
DR,low_friction,0.0,1.22,-1.3933922052383423,0.15452194213867188,-5.809566974639893,8.304511070251465
DR,low_friction,0.0,1.24,-1.5622837543487549,-0.2779254913330078,-5.160439491271973,7.491202354431152
DR,low_friction,0.0,1.26,-1.8274651765823364,-0.8295249938964844,-5.870059967041016,9.141828536987305
DR,low_friction,0.0,1.28,-1.5489392280578613,-0.038643836975097656,-5.103019714355469,6.133205413818359
DR,low_friction,0.0,1.3,-1.9218404293060303,-0.45368337631225586,-3.5845062732696533,7.241836071014404
DR,low_friction,0.0,1.32,-1.9015246629714966,0.5019807815551758,-4.808891296386719,8.706274032592773
DR,low_friction,0.0,1.34,-1.1150327920913696,1.1233434677124023,-7.903404235839844,7.580461502075195
DR,low_friction,0.0,1.36,-1.2476601600646973,0.08914470672607422,-5.512309551239014,8.41352653503418
DR,low_friction,0.0,1.3800000000000001,-1.1222808361053467,-0.27460193634033203,-4.607964038848877,7.512936592102051
DR,low_friction,0.0,1.4000000000000001,-1.2461469173431396,-0.3528633117675781,-6.050624370574951,8.479475975036621
DR,low_friction,0.0,1.42,-0.927175760269165,0.1770029067993164,-5.430853366851807,8.722268104553223
DR,low_friction,0.0,1.44,-1.289292335510254,-1.2333431243896484,-4.711924076080322,9.210182189941406
DR,low_friction,0.0,1.46,-1.032895565032959,0.011166572570800781,-5.574761390686035,7.831295013427734
DR,low_friction,0.0,1.48,-0.9366300702095032,-1.0944976806640625,-7.751891613006592,9.370277404785156
DR,low_friction,0.0,1.5,-1.9095593690872192,-0.773320198059082,-6.483679294586182,8.982748031616211
DR,low_friction,0.0,1.52,-1.8168469667434692,0.37741756439208984,-6.854537010192871,7.3380584716796875
DR,low_friction,0.0,1.54,-1.498544692993164,0.20277881622314453,-7.252742290496826,9.31434154510498
DR,low_friction,0.0,1.56,-1.7567193508148193,-0.764225959777832,-6.04754114151001,8.246123313903809
DR,low_friction,0.0,1.58,-2.1290085315704346,-0.4330005645751953,-5.470371246337891,7.55241060256958
DR,low_friction,0.0,1.6,-2.116699457168579,-0.10598945617675781,-5.455005645751953,10.927515029907227
DR,low_friction,0.0,1.62,-1.8394886255264282,0.6094284057617188,-6.385538578033447,8.71573543548584
DR,low_friction,0.0,1.6400000000000001,-0.7959678173065186,0.8624734878540039,-7.997981071472168,10.721187591552734
DR,low_friction,0.0,1.6600000000000001,-0.7681918144226074,-0.907475471496582,-5.897424697875977,8.257879257202148
DR,low_friction,0.0,1.68,-1.1824543476104736,-0.6220922470092773,-5.307143688201904,7.679271697998047
DR,low_friction,0.0,1.7,-1.4967710971832275,-0.4112396240234375,-5.003923416137695,8.437878608703613
DR,low_friction,0.0,1.72,-1.2688359022140503,-0.19442081451416016,-5.832004547119141,8.606207847595215
DR,low_friction,0.0,1.74,-1.3044286966323853,0.18005657196044922,-6.574246406555176,7.196313858032227
DR,low_friction,0.0,1.76,-0.7329407334327698,-0.2974529266357422,-7.470060348510742,7.531193733215332
DR,low_friction,0.0,1.78,-0.8211049437522888,-0.6689872741699219,-5.037479877471924,9.488040924072266
DR,low_friction,0.0,1.8,-1.2518073320388794,-0.6894130706787109,-5.219709396362305,7.859231472015381
DR,low_friction,0.0,1.82,-1.2328195571899414,-0.2372264862060547,-4.931467056274414,7.839682579040527
DR,low_friction,0.0,1.84,-1.269393801689148,-0.948664665222168,-5.893399715423584,8.199275970458984
DR,low_friction,0.0,1.86,-1.1704434156417847,0.03448963165283203,-5.055514335632324,10.096745491027832
DR,low_friction,0.0,1.8800000000000001,-0.9795689582824707,0.13229942321777344,-7.589497089385986,8.800531387329102
DR,low_friction,0.0,1.9000000000000001,-1.5098918676376343,-0.6059083938598633,-7.5402607917785645,10.083650588989258
DR,low_friction,0.0,1.92,-1.7537622451782227,-0.34152984619140625,-6.575699806213379,8.033487319946289
DR,low_friction,0.0,1.94,-2.010998010635376,0.02794361114501953,-7.3990678787231445,9.785842895507812
DR,low_friction,0.0,1.96,-1.7706464529037476,0.12701892852783203,-6.71600341796875,9.061418533325195
DR,low_friction,0.0,1.98,-1.579674482345581,0.3155965805053711,-6.243505477905273,7.162929534912109
DR,low_friction,0.0,2.0,-1.441186547279358,-0.6378641128540039,-5.662564754486084,7.811529159545898
DR,low_friction,0.0,2.02,-2.1241750717163086,-0.13376331329345703,-3.8980674743652344,7.8698835372924805
DR,low_friction,0.0,2.04,-1.9618322849273682,0.1172494888305664,-6.134088039398193,8.120563507080078
DR,low_friction,0.0,2.06,-1.5342833995819092,-0.42294883728027344,-6.752585411071777,7.766368865966797
DR,low_friction,0.0,2.08,-1.8852736949920654,-0.6712608337402344,-3.3903584480285645,6.735513687133789
DR,low_friction,0.0,2.1,-1.899330496788025,0.1591815948486328,-5.360036373138428,7.425954341888428
DR,low_friction,0.0,2.12,-1.345803141593933,-0.05666923522949219,-6.9617438316345215,8.484450340270996
DR,low_friction,0.0,2.14,-1.1197015047073364,0.10993194580078125,-5.552811145782471,6.9214253425598145
DR,low_friction,0.0,2.16,-1.1716194152832031,-0.49669837951660156,-4.661799907684326,8.733762741088867
DR,low_friction,0.0,2.18,-0.5872674584388733,0.27456188201904297,-5.491126537322998,9.013898849487305
DR,low_friction,0.0,2.2,-0.7739095091819763,-0.1442575454711914,-6.877440452575684,7.868426322937012
DR,low_friction,0.0,2.22,-0.8590477108955383,0.018610000610351562,-6.2146430015563965,8.04421615600586
DR,low_friction,0.0,2.24,-0.3258528411388397,-0.03642463684082031,-6.612443923950195,9.01880931854248
DR,low_friction,0.0,2.2600000000000002,-0.28702521324157715,-0.750248908996582,-6.10624361038208,9.059818267822266
DR,low_friction,0.0,2.2800000000000002,-0.44742751121520996,-0.44830322265625,-4.283022403717041,9.658469200134277
DR,low_friction,0.0,2.3000000000000003,-0.8974143862724304,-0.15829181671142578,-5.582946300506592,8.851890563964844
DR,low_friction,0.0,2.32,-0.7758559584617615,0.5337257385253906,-7.571086406707764,7.309340476989746
DR,low_friction,0.0,2.34,-0.5732008814811707,-0.25820159912109375,-7.676097869873047,6.959531307220459
DR,low_friction,0.0,2.36,-1.0937234163284302,-0.3944854736328125,-7.3932719230651855,8.791337966918945
DR,low_friction,0.0,2.38,-1.0717437267303467,-0.06589698791503906,-6.243645668029785,9.09920597076416
DR,low_friction,0.0,2.4,-1.508918285369873,-0.14480209350585938,-4.554041862487793,7.636899471282959
DR,low_friction,0.0,2.42,-1.1307286024093628,0.3249378204345703,-6.692697525024414,7.386196136474609
DR,low_friction,0.0,2.44,-0.6262267231941223,-0.7273292541503906,-6.758125305175781,7.7634687423706055
DR,low_friction,0.0,2.46,-1.0937628746032715,-0.8270492553710938,-4.867931365966797,7.992712020874023
DR,low_friction,0.0,2.48,-0.9094697833061218,0.7179832458496094,-6.198038101196289,9.391385078430176
DR,low_friction,0.0,2.5,-0.685832679271698,0.20962142944335938,-5.863525867462158,8.736518859863281
DR,low_friction,0.0,2.52,-0.48503971099853516,-0.13045883178710938,-7.202179908752441,8.617626190185547
DR,low_friction,0.0,2.54,-0.44809696078300476,0.10669422149658203,-6.06654167175293,9.836023330688477
DR,low_friction,0.0,2.56,-0.8193957805633545,-0.1374654769897461,-7.1729912757873535,8.818395614624023
DR,low_friction,0.0,2.58,-0.333495557308197,0.979001522064209,-7.709371089935303,9.390750885009766
DR,low_friction,0.0,2.6,-0.5793471932411194,-0.5247249603271484,-7.255279541015625,8.6943998336792
DR,low_friction,0.0,2.62,-0.7075322866439819,-0.29857301712036133,-6.4145708084106445,6.61730432510376
DR,low_friction,0.0,2.64,-0.6302164793014526,-0.33905506134033203,-6.046139240264893,9.617568969726562
DR,low_friction,0.0,2.66,-0.25771790742874146,0.8909244537353516,-6.474915504455566,10.399733543395996
DR,low_friction,0.0,2.68,-0.023906284943223,-0.20324039459228516,-6.892828941345215,7.681524753570557
DR,low_friction,0.0,2.7,-0.2572789490222931,-0.5540251731872559,-7.085577011108398,6.899168014526367
DR,low_friction,0.0,2.72,-0.8385465145111084,-0.7878947257995605,-5.557629585266113,7.925854682922363
DR,low_friction,0.0,2.74,-0.9063165783882141,0.43552589416503906,-6.664225101470947,8.514480590820312
DR,low_friction,0.0,2.7600000000000002,-0.7859702706336975,0.1025094985961914,-7.715782165527344,9.100112915039062
DR,low_friction,0.0,2.7800000000000002,-0.8589470982551575,-0.21622991561889648,-6.73762845993042,8.440353393554688
DR,low_friction,0.0,2.8000000000000003,-1.183239221572876,-0.20304441452026367,-5.91264533996582,7.483644008636475
DR,low_friction,0.0,2.82,-0.6683376431465149,0.16573667526245117,-7.232348918914795,8.473008155822754
DR,low_friction,0.0,2.84,-1.4059767723083496,-0.6551551818847656,-5.973289489746094,7.764155387878418
DR,low_friction,0.0,2.86,-1.5847523212432861,-0.041358232498168945,-5.628726482391357,6.343282699584961
DR,low_friction,0.0,2.88,-1.215678334236145,0.5676000118255615,-7.555128574371338,8.345251083374023
DR,low_friction,0.0,2.9,-1.2384464740753174,-0.5149936676025391,-7.05362606048584,10.640920639038086
DR,low_friction,0.0,2.92,-1.9808769226074219,-0.9030537605285645,-6.291940212249756,7.317541599273682
DR,low_friction,0.0,2.94,-2.127415180206299,-0.3414919376373291,-4.220755100250244,6.890884876251221
DR,low_friction,0.0,2.96,-2.3707900047302246,0.4353761672973633,-5.694034099578857,8.328365325927734
DR,low_friction,0.0,2.98,-1.9397400617599487,-0.22468113899230957,-6.927399635314941,7.7555742263793945
DR,low_friction,0.0,3.0,-2.308985710144043,-0.7086572647094727,-6.096401691436768,7.846142292022705
DR,low_friction,0.0,3.02,-2.8575384616851807,-1.1069984436035156,-5.029168605804443,7.942934036254883
DR,low_friction,0.0,3.04,-2.7247207164764404,0.49726712703704834,-4.862317085266113,7.680797100067139
DR,low_friction,0.0,3.06,-2.5851876735687256,-0.4345250129699707,-5.641177177429199,7.392963409423828
DR,low_friction,0.0,3.08,-2.2030155658721924,0.38124507665634155,-5.496323108673096,6.843832492828369
DR,low_friction,0.0,3.1,-1.9542641639709473,0.04759418964385986,-5.805389404296875,9.061200141906738
DR,low_friction,0.0,3.12,-2.266810894012451,-0.31853413581848145,-4.932950496673584,10.72015380859375
DR,low_friction,0.0,3.14,-1.5036712884902954,0.4277522563934326,-7.023168087005615,8.406028747558594
DR,low_friction,0.0,3.16,-1.0132602453231812,0.10205483436584473,-7.70250940322876,7.932133197784424
DR,low_friction,0.0,3.18,-1.9474676847457886,-0.7672715187072754,-5.165159225463867,7.492165565490723
DR,low_friction,0.0,3.2,-1.7808598279953003,1.1572576761245728,-5.8531951904296875,7.377145290374756
DR,low_friction,0.0,3.22,-0.9560508131980896,-0.45361560583114624,-7.385085582733154,8.407552719116211
DR,low_friction,0.0,3.24,-1.385906457901001,-0.35847851634025574,-2.5279147624969482,8.174015045166016
DR,low_friction,0.0,3.2600000000000002,-1.5993741750717163,-0.14243084192276,-5.796712875366211,8.642172813415527
DR,low_friction,0.0,3.2800000000000002,-0.7291516065597534,1.0341713428497314,-7.0681023597717285,10.62702751159668
DR,low_friction,0.0,3.3000000000000003,-0.22437286376953125,0.05242055654525757,-6.745862007141113,8.616475105285645
DR,low_friction,0.0,3.3200000000000003,-0.35169366002082825,0.06347006559371948,-6.6581196784973145,9.817267417907715
DR,low_friction,0.0,3.34,-0.5319041013717651,-0.04208242893218994,-8.215744018554688,9.789278984069824
DR,low_friction,0.0,3.36,-0.5690935850143433,-0.052388668060302734,-7.666990756988525,9.968287467956543
DR,low_friction,0.0,3.38,-0.824294924736023,-0.5001698732376099,-7.704460144042969,8.355379104614258
DR,low_friction,0.0,3.4,-1.1317024230957031,-0.45715057849884033,-5.723763465881348,8.334620475769043
DR,low_friction,0.0,3.42,-1.4089723825454712,-0.4411426782608032,-5.544205665588379,8.1762113571167
DR,low_friction,0.0,3.44,-1.2635666131973267,-0.01104283332824707,-5.649013996124268,7.969226837158203
DR,low_friction,0.0,3.46,-1.6166419982910156,0.12330985069274902,-6.53665828704834,7.652377128601074
DR,low_friction,0.0,3.48,-1.4623119831085205,-0.21700692176818848,-6.317882537841797,8.500333786010742
DR,low_friction,0.0,3.5,-1.2863062620162964,-0.44638752937316895,-6.367530345916748,6.977245330810547
DR,low_friction,0.0,3.52,-2.1013243198394775,-0.19620442390441895,-4.996054172515869,8.407520294189453
DR,low_friction,0.0,3.54,-1.722257137298584,0.13616561889648438,-5.967477321624756,9.459872245788574
DR,low_friction,0.0,3.56,-1.6611846685409546,0.04854869842529297,-7.124429225921631,9.093393325805664
DR,low_friction,0.0,3.58,-1.6707731485366821,-0.8730347156524658,-7.402149200439453,7.82725191116333
DR,low_friction,0.0,3.6,-1.9718748331069946,-0.582892894744873,-4.961413383483887,8.375219345092773
DR,low_friction,0.0,3.62,-1.7039668560028076,0.25298452377319336,-5.944357395172119,9.605935096740723
DR,low_friction,0.0,3.64,-1.3095345497131348,-0.5887587070465088,-5.4825239181518555,9.126875877380371
DR,low_friction,0.0,3.66,-1.4749127626419067,-0.17688560485839844,-6.750442981719971,9.723152160644531
DR,low_friction,0.0,3.68,-0.7685190439224243,1.04703950881958,-7.716232776641846,8.169029235839844
DR,low_friction,0.0,3.7,-0.7187049388885498,-0.9184932708740234,-7.916086673736572,8.099922180175781
DR,low_friction,0.0,3.72,-1.428852915763855,-0.011727333068847656,-5.215329170227051,9.374095916748047
DR,low_friction,0.0,3.74,-1.1643610000610352,0.32230663299560547,-4.5196380615234375,7.599234580993652
DR,low_friction,0.0,3.7600000000000002,-0.8220855593681335,0.5794625282287598,-5.814836025238037,9.296394348144531
DR,low_friction,0.0,3.7800000000000002,0.08981320261955261,0.798041820526123,-7.927897930145264,10.189903259277344
DR,low_friction,0.0,3.8000000000000003,0.5756285786628723,0.03392362594604492,-8.426570892333984,9.364139556884766
DR,low_friction,0.0,3.8200000000000003,0.4248661696910858,-1.003586769104004,-7.357668399810791,7.476380825042725
DR,low_friction,0.0,3.84,-1.338779091835022,-1.5054430961608887,-3.8944010734558105,6.485097408294678
DR,low_friction,0.0,3.86,-1.2949883937835693,0.28237247467041016,-5.201843738555908,8.457940101623535
DR,low_friction,0.0,3.88,-0.7665701508522034,0.5430960655212402,-6.790964603424072,8.860424041748047
DR,low_friction,0.0,3.9,-0.44152963161468506,-0.2571907043457031,-7.056764125823975,5.717325687408447
DR,low_friction,0.0,3.92,-1.1597106456756592,-1.765599250793457,-5.959380626678467,7.765705585479736
DR,low_friction,0.0,3.94,-1.5395474433898926,-0.6943521499633789,-5.285678863525391,8.114238739013672
DR,low_friction,0.0,3.96,-1.6991591453552246,-0.13772153854370117,-5.461406230926514,8.865591049194336
DR,low_friction,0.0,3.98,-1.9223742485046387,-0.4016304016113281,-4.861804008483887,7.325258731842041
