model_name,shift_set,trial_idx,command_vy,command_wz,survived,survival_steps,survival_time_s,termination_reason,rmse_vy,rmse_wz,mean_abs_pitch_deg,max_abs_pitch_deg,mean_abs_roll_deg,max_abs_roll_deg
flatv1,nominal,0.0,-0.6,0.0,1.0,100.0,2.0,time_window_complete,0.14498980343341827,0.43345609307289124,0.6807923913002014,1.8679165840148926,5.603493690490723,7.9504923820495605
flatv1,nominal,1.0,-0.6,0.0,1.0,100.0,2.0,time_window_complete,0.16112586855888367,0.5412877202033997,0.6748257279396057,2.0611531734466553,5.451165676116943,8.01062297821045
flatv1,nominal,2.0,-0.6,0.0,1.0,100.0,2.0,time_window_complete,0.14563186466693878,0.49175432324409485,0.6742196679115295,2.676452159881592,5.538879871368408,8.23326587677002
flatv1,nominal,3.0,-0.6,0.0,1.0,100.0,2.0,time_window_complete,0.13207508623600006,0.3865134119987488,0.6531736850738525,1.900624394416809,5.811347484588623,7.698990821838379
flatv1,nominal,4.0,-0.6,0.0,1.0,100.0,2.0,time_window_complete,0.155427947640419,0.4152696132659912,0.7945545315742493,2.280078649520874,5.404656410217285,8.097825050354004
flatv1,nominal,5.0,-0.6,0.0,1.0,100.0,2.0,time_window_complete,0.14392800629138947,0.5021984577178955,0.7668304443359375,1.9807546138763428,5.517291069030762,8.036417961120605
flatv1,nominal,6.0,-0.6,0.0,1.0,100.0,2.0,time_window_complete,0.14568926393985748,0.4674815833568573,0.9672667980194092,1.9382318258285522,5.492774486541748,7.992789268493652
flatv1,nominal,7.0,-0.6,0.0,1.0,100.0,2.0,time_window_complete,0.1390942633152008,0.4388686418533325,0.8630821704864502,1.8801603317260742,5.717076301574707,8.171525955200195
flatv1,nominal,8.0,-0.6,0.0,1.0,100.0,2.0,time_window_complete,0.1425098478794098,0.47821617126464844,0.791867196559906,2.092616319656372,5.640247821807861,7.426473140716553
flatv1,nominal,9.0,-0.6,0.0,1.0,100.0,2.0,time_window_complete,0.14562729001045227,0.475192666053772,0.7390848398208618,1.9473515748977661,5.513362407684326,7.794875144958496
flatv1,low_friction,0.0,-0.6,0.0,1.0,100.0,2.0,time_window_complete,0.14686933159828186,0.43238186836242676,0.586301863193512,1.7604904174804688,5.2605743408203125,7.272402286529541
flatv1,low_friction,1.0,-0.6,0.0,1.0,100.0,2.0,time_window_complete,0.13148429989814758,0.41627177596092224,0.44045504927635193,1.1792479753494263,5.381650447845459,7.951154708862305
flatv1,low_friction,2.0,-0.6,0.0,1.0,100.0,2.0,time_window_complete,0.15060441195964813,0.43982386589050293,0.524005115032196,1.5115636587142944,5.292851448059082,7.485837936401367
flatv1,low_friction,3.0,-0.6,0.0,1.0,100.0,2.0,time_window_complete,0.14372405409812927,0.4277136027812958,0.7551960945129395,2.1504135131835938,5.343702793121338,7.876922607421875
flatv1,low_friction,4.0,-0.6,0.0,1.0,100.0,2.0,time_window_complete,0.14200778305530548,0.41677504777908325,0.6592003107070923,1.856838345527649,5.365924835205078,7.693319320678711
flatv1,low_friction,5.0,-0.6,0.0,1.0,100.0,2.0,time_window_complete,0.13933271169662476,0.5227089524269104,0.3816366493701935,1.2116127014160156,5.45400333404541,7.982766628265381
flatv1,low_friction,6.0,-0.6,0.0,1.0,100.0,2.0,time_window_complete,0.14450202882289886,0.44521865248680115,0.5891602635383606,1.7054204940795898,5.394704818725586,7.076486587524414
flatv1,low_friction,7.0,-0.6,0.0,1.0,100.0,2.0,time_window_complete,0.12916027009487152,0.39754948019981384,0.5909518599510193,1.6186147928237915,5.337786674499512,8.092747688293457
flatv1,low_friction,8.0,-0.6,0.0,1.0,100.0,2.0,time_window_complete,0.1365174949169159,0.4180842638015747,0.4216107428073883,1.3334165811538696,5.585574150085449,7.492305278778076
flatv1,low_friction,9.0,-0.6,0.0,1.0,100.0,2.0,time_window_complete,0.12462376058101654,0.37990298867225647,0.4942628741264343,1.5071455240249634,5.542680740356445,8.269713401794434
flatv1,mass_plus,0.0,-0.6,0.0,1.0,100.0,2.0,time_window_complete,0.06159275397658348,0.5457886457443237,1.2638065814971924,4.318902969360352,3.1379637718200684,5.391671657562256
flatv1,mass_plus,1.0,-0.6,0.0,1.0,100.0,2.0,time_window_complete,0.06920699030160904,0.47752854228019714,1.1108590364456177,2.6454951763153076,3.4126157760620117,5.719522476196289
flatv1,mass_plus,2.0,-0.6,0.0,1.0,100.0,2.0,time_window_complete,0.07048696279525757,0.5670470595359802,1.3921970129013062,2.960752248764038,3.153860092163086,4.751935005187988
flatv1,mass_plus,3.0,-0.6,0.0,1.0,100.0,2.0,time_window_complete,0.0636664405465126,0.5165768265724182,1.2686793804168701,3.1329598426818848,3.316740036010742,5.527936935424805
flatv1,mass_plus,4.0,-0.6,0.0,1.0,100.0,2.0,time_window_complete,0.06702261418104172,0.598561704158783,1.3109475374221802,2.7072386741638184,3.33537220954895,5.5718464851379395
flatv1,mass_plus,5.0,-0.6,0.0,1.0,100.0,2.0,time_window_complete,0.06458742171525955,0.5538088083267212,1.384722113609314,2.648751974105835,3.2485527992248535,5.459298610687256
flatv1,mass_plus,6.0,-0.6,0.0,1.0,100.0,2.0,time_window_complete,0.07327544689178467,0.5460772514343262,1.355565071105957,3.2159035205841064,3.226029872894287,5.051762580871582
flatv1,mass_plus,7.0,-0.6,0.0,1.0,100.0,2.0,time_window_complete,0.05288616195321083,0.5081816911697388,1.1605168581008911,2.3980014324188232,3.318955659866333,5.586801528930664
flatv1,mass_plus,8.0,-0.6,0.0,1.0,100.0,2.0,time_window_complete,0.06143434718251228,0.5288852453231812,1.3046895265579224,2.4805519580841064,3.3962197303771973,5.734485149383545
flatv1,mass_plus,9.0,-0.6,0.0,1.0,100.0,2.0,time_window_complete,0.06108589842915535,0.6277635097503662,1.133979082107544,2.7074997425079346,3.492905378341675,5.910782814025879
flatv1,actuator_weak,0.0,-0.6,0.0,1.0,100.0,2.0,time_window_complete,0.10889823734760284,0.5023331046104431,0.8824285864830017,1.958343744277954,4.1216559410095215,6.143543243408203
flatv1,actuator_weak,1.0,-0.6,0.0,1.0,100.0,2.0,time_window_complete,0.11160314083099365,0.4923660159111023,0.8089784383773804,1.943730115890503,4.2404890060424805,6.15289306640625
flatv1,actuator_weak,2.0,-0.6,0.0,1.0,100.0,2.0,time_window_complete,0.11561186611652374,0.5255494117736816,0.8893296718597412,2.184096336364746,4.026036262512207,6.29632043838501
flatv1,actuator_weak,3.0,-0.6,0.0,1.0,100.0,2.0,time_window_complete,0.1211378425359726,0.49239689111709595,0.7685481905937195,2.127162218093872,3.9546802043914795,5.934350490570068
flatv1,actuator_weak,4.0,-0.6,0.0,1.0,100.0,2.0,time_window_complete,0.10336704552173615,0.5032018423080444,0.6539710164070129,1.6618144512176514,4.04132080078125,6.000186443328857
flatv1,actuator_weak,5.0,-0.6,0.0,1.0,100.0,2.0,time_window_complete,0.10695762187242508,0.47355133295059204,0.6787300109863281,1.6402634382247925,4.07139253616333,5.575603008270264
flatv1,actuator_weak,6.0,-0.6,0.0,1.0,100.0,2.0,time_window_complete,0.1083221510052681,0.4731827974319458,0.7529581189155579,2.0747780799865723,4.146395683288574,6.285179615020752
flatv1,actuator_weak,7.0,-0.6,0.0,1.0,100.0,2.0,time_window_complete,0.10075246542692184,0.45926639437675476,0.886948823928833,1.7474327087402344,4.128268241882324,6.007117748260498
flatv1,actuator_weak,8.0,-0.6,0.0,1.0,100.0,2.0,time_window_complete,0.10893229395151138,0.503690242767334,0.7151464223861694,2.1686158180236816,4.166804790496826,6.459484577178955
flatv1,actuator_weak,9.0,-0.6,0.0,1.0,100.0,2.0,time_window_complete,0.11650964617729187,0.4846247732639313,0.9979538917541504,2.4050512313842773,3.953238010406494,6.0255866050720215
